valence,media_slant,agree_t1,agree_certainty_t1,belief_t1,belief_certainty_t1,agree_t2,belief_t2,page_submit_duration,partisanship,gender,age,education,income,gen_knowledge,immig_knowledge,attitude_immig,involvement,media_trust,agree_diff,belief_diff,bias,hmp_score
Biden,FOX,2,1,2,1,1,1,61.096,Republican,2,4,6,6,5,3,3,1.5,1,-1,-1,0,0.5
Biden,Reuter,4,3,5,2,2,2,61.464,Democrat,2,4,5,3,5,2,3,3.5,1.6,-2,-3,0,0.5
Biden,FOX,4,2,5,2,5,5,72.987,Independent,1,5,5,11,5,2,4,1.5,5,1,0,0.5,NA
Ducey,FOX,1,1,1,1,1,1,62.239,Independent,3,4,6,1,4,4,3,5,1.4,0,0,0,NA
Ducey,FOX,7,1,7,1,7,7,99.007,Republican,2,7,5,2,5,4,3,5,1.2,0,0,-0.5,1
Biden,MSNBC,5,2,6,2,3,3,67,Democrat,1,3,5,9,5,2,1.5,1.5,5.4,-2,-3,0.2,0.7
Ducey,MSNBC,7,1,7,1,7,7,99.292,Independent,2,5,5,5,5,2,3,5,1,0,0,-0.5,NA
Biden,Reuter,2,1,2,1,2,2,71.258,Independent,1,4,6,11,5,2,4,5,1,0,0,-0.2,NA
Ducey,FOX,2,2,3,2,1,1,61.17,Democrat,2,5,2,4,5,4,3,4,3.8,-1,-2,0,0.5
Ducey,Reuter,5,3,5,2,5,6,106.545,Democrat,1,3,5,11,5,2,2.5,2.5,5,0,1,0.15,0.65
Biden,Reuter,1,1,1,1,1,1,65.141,Republican,1,7,6,7,5,3,4.5,4,1,0,0,0,0.5
Biden,Reuter,4,4,6,2,3,3,76.5,Independent,2,4,3,11,4,3,4,3,3.4,-1,-3,0,NA
Ducey,Reuter,2,1,2,2,1,1,74.006,Independent,2,3,5,2,5,2,3,4.5,3,-1,-1,0,NA
Biden,MSNBC,4,3,4,3,4,4,64.9,Democrat,2,3,3,4,5,4,1,4,2,0,0,0.1,0.6
Ducey,Reuter,7,2,6,1,5,6,85.553,Republican,2,7,5,5,5,3,3.5,4,3,-2,0,-0.3,0.8
Biden,MSNBC,4,3,5,2,4,4,65.612,Democrat,2,3,5,5,3,3,2.5,2.5,4.6,0,-1,0.1,0.6
Ducey,Reuter,4,3,5,2,2,2,81.147,Democrat,2,3,5,6,2,4,3,4,4.4,-2,-3,0.4,0.9
Ducey,Reuter,3,3,5,2,2,3,81.011,Democrat,2,3,4,6,5,4,3.5,2,4.6,-1,-2,0.2,0.7
Ducey,MSNBC,4,4,4,4,1,1,76.778,Independent,1,3,5,11,4,4,3,1,2.2,-3,-3,0.1,NA
Biden,Reuter,6,2,5,2,5,3,143.643,Democrat,1,3,4,8,3,1,3.5,3,4.2,-1,-2,0.1,0.6
Biden,Reuter,6,1,5,2,2,2,69.295,Democrat,2,3,5,5,4,0,4,2,5.2,-4,-3,0,0.5
Biden,MSNBC,3,2,2,2,1,1,65.491,Republican,2,3,4,8,4,3,3,3,2.4,-2,-1,0.3,0.19999999999999996
Biden,FOX,2,1,3,1,6,3,418.365,Democrat,2,6,4,9,5,2,3.5,4,5.6,4,0,0.3,0.8
Ducey,Reuter,5,3,3,3,6,5,61.414,Democrat,1,3,3,6,5,1,3,1.5,4.6,1,2,-0.25,0.25
Ducey,Reuter,2,2,5,2,2,1,66.191,Independent,1,5,5,6,5,0,4,1,3.8,0,-4,0.1,NA
Ducey,MSNBC,2,3,3,2,1,1,83.357,Democrat,2,3,4,5,4,1,3,2.5,3,-1,-2,0,0.5
Biden,MSNBC,6,2,6,2,3,3,62.082,Democrat,2,5,2,2,5,2,3,2,5.8,-3,-3,-0.15,0.35
Ducey,FOX,4,4,4,4,1,1,98.91,Independent,1,3,5,8,3,2,3,4,1,-3,-3,0,NA
Biden,MSNBC,2,2,3,2,2,2,61.057,Independent,1,5,3,9,4,2,3,3,1.4,0,-1,-0.4,NA
Ducey,FOX,1,2,1,2,1,2,123.591,Democrat,1,3,5,8,5,4,1,4.5,5,0,1,0,0.5
Biden,FOX,5,4,5,3,4,3,81.571,Democrat,1,3,6,7,5,4,1,2.5,3.8,-1,-2,0.25,0.75
Ducey,FOX,6,2,6,2,2,1,69.432,Democrat,2,7,2,4,5,3,2.5,4,3.8,-4,-5,0,0.5
Biden,Reuter,5,2,6,2,5,5,81.01,Democrat,1,3,3,8,5,2,4,2,3.6,0,-1,0,0.5
Biden,FOX,6,2,6,2,6,5,75.48,Democrat,1,3,5,3,2,3,2,3.5,5.2,0,-1,0.25,0.75
Ducey,MSNBC,3,2,3,1,2,2,82.62,Democrat,2,4,3,5,5,4,2,2.5,4.8,-1,-1,-0.05,0.45
Ducey,MSNBC,4,3,5,2,6,5,69.786,Republican,1,3,5,5,3,2,2,3.5,6.4,2,0,0.3,0.19999999999999996
Biden,Reuter,4,2,2,1,1,1,77.457,Republican,2,7,3,3,5,4,3,5,1,-3,-1,0,0.5
Ducey,Reuter,2,2,3,2,2,3,72.748,Republican,2,4,5,5,5,3,3,2,3.8,0,0,-0.05,0.55
Ducey,MSNBC,2,2,3,3,1,2,73.818,Democrat,1,3,5,10,5,5,3,2,4.8,-1,-1,0,0.5
Biden,FOX,6,2,6,2,2,2,220.159,Democrat,1,5,4,12,4,4,2,5,5.2,-4,-4,0,0.5
Ducey,FOX,2,2,2,2,2,1,69.968,Democrat,2,6,4,2,5,2,3,4,1,0,-1,0.25,0.75
Ducey,Reuter,2,2,2,2,1,1,63.662,Democrat,1,3,2,11,5,3,3,4.5,2.2,-1,-1,0,0.5
Ducey,FOX,4,3,7,3,3,2,69.835,Democrat,1,3,5,1,2,1,3,2,6,-1,-5,0,0.5
Biden,Reuter,4,4,5,3,3,2,81.713,Democrat,1,3,3,5,2,3,3.5,1.5,3.8,-1,-3,0.05,0.55
Biden,Reuter,4,2,3,2,2,2,63.158,Republican,1,3,3,4,4,2,3,3,4.4,-2,-1,0,0.5
Biden,MSNBC,6,2,6,2,4,3,85.391,Democrat,1,4,5,7,5,3,3,3,5,-2,-3,0,0.5
Biden,MSNBC,5,3,5,2,3,3,88.179,Republican,2,5,5,11,5,1,2.5,2,4,-2,-2,0,0.5
Biden,FOX,7,1,6,2,5,5,62.098,Democrat,1,3,3,6,5,3,3,1.5,4.4,-2,-1,0.1,0.6
Ducey,FOX,3,2,3,2,2,2,241.522,Republican,1,3,5,6,5,3,3.5,5,3.4,-1,-1,0.35,0.15000000000000002
Ducey,MSNBC,1,1,1,1,1,1,68.117,Democrat,1,3,6,12,5,4,5,4.5,2.2,0,0,-0.15,0.35
Biden,FOX,2,1,1,1,2,2,62.578,Independent,1,5,5,3,5,3,3,3,2,0,1,0.2,NA
Biden,MSNBC,4,3,4,4,2,3,65.896,Independent,2,5,5,2,5,4,3,1.5,4.6,-2,-1,0,NA
Ducey,Reuter,6,2,5,2,5,5,76.476,Independent,1,5,3,1,5,2,3,4,2,-1,0,-0.5,NA
Biden,FOX,6,3,6,2,3,5,70.374,Republican,1,3,5,6,4,3,2.5,1.5,6,-3,-1,0,0.5
Ducey,FOX,1,2,2,2,1,1,96.455,Democrat,1,3,3,1,5,2,2.5,1,5,0,-1,0,0.5
Biden,Reuter,6,1,6,1,6,5,97.196,Democrat,1,6,5,11,5,4,3,3,5.2,0,-1,0,0.5
Ducey,MSNBC,7,1,7,1,7,7,71.849,Republican,1,3,3,5,5,3,3,3,1,0,0,-0.5,1
Ducey,FOX,3,4,4,4,7,7,74.398,Independent,2,3,5,10,2,3,2,1,2.4,4,3,0.3,NA
Biden,FOX,1,1,2,1,2,2,75.91,Republican,1,5,4,5,5,3,3.5,4,1.2,1,0,0.1,0.4
Biden,FOX,4,4,4,4,4,4,62.075,Independent,1,4,5,3,5,1,4,1,1.6,0,0,0.5,NA
Biden,MSNBC,7,2,5,2,1,1,65.619,Democrat,1,3,4,3,3,2,4.5,3,1.8,-6,-4,0,0.5
Ducey,MSNBC,3,3,3,3,2,1,74.818,Independent,1,3,5,3,5,0,3,2,1,-1,-2,-0.2,NA
Biden,FOX,5,2,5,2,3,3,61.203,Democrat,2,3,4,3,5,2,1,3,4.2,-2,-2,0.25,0.75
Ducey,Reuter,2,2,4,2,2,2,72.38,Democrat,1,4,5,3,5,3,3,1.5,6,0,-2,0,0.5
Biden,FOX,5,2,5,3,3,2,64.899,Democrat,2,4,3,4,5,3,3,3,4.2,-2,-3,0.1,0.6
Biden,MSNBC,5,4,5,4,2,3,81.347,Republican,2,5,4,5,5,3,3,3.5,2.4,-3,-2,0,0.5
Ducey,Reuter,6,1,6,2,6,6,82.071,Republican,1,6,3,8,5,4,3,5,1,0,0,-0.4,0.9
Ducey,FOX,5,2,5,2,5,5,88.923,Republican,2,6,4,7,5,2,3,4.5,1.6,0,0,-0.2,0.7
Biden,Reuter,4,1,4,1,4,4,70.411,Independent,2,4,3,10,5,3,3,5,3.2,0,0,0,NA
Ducey,MSNBC,2,1,2,2,1,1,109.24,Independent,2,5,5,6,5,3,3.5,2,5.2,-1,-1,0,NA
Biden,MSNBC,5,2,6,2,3,3,86.802,Republican,1,3,5,5,3,3,2,4,6,-2,-3,0.4,0.09999999999999998
Ducey,FOX,7,2,7,1,7,7,157.625,Republican,1,3,2,3,4,2,4.5,2,1,0,0,0,0.5
Biden,MSNBC,3,4,5,3,3,3,62.108,Democrat,1,4,5,2,5,2,3,2,6,0,-2,0,0.5
Ducey,Reuter,4,4,4,4,3,3,62.826,Independent,1,3,5,3,5,2,2,3,1,-1,-1,-0.3,NA
Ducey,FOX,2,2,2,2,1,1,70.591,Democrat,2,4,4,5,3,2,2.5,1.5,2,-1,-1,-0.1,0.4
Biden,FOX,6,1,7,1,6,7,63.581,Republican,1,4,5,3,1,3,1.5,4.5,6.6,0,0,0.4,0.09999999999999998
Ducey,FOX,5,2,5,2,1,1,102.412,Independent,1,4,5,7,5,2,3,4,5,-4,-4,0,NA
Biden,Reuter,4,2,4,2,2,2,64.787,Independent,2,4,5,5,4,3,3,2.5,1.4,-2,-2,0,NA
Biden,Reuter,6,2,5,2,6,5,72.695,Democrat,1,3,5,5,5,3,2,5,2,0,0,0.3,0.8
Biden,FOX,5,2,5,2,2,3,82.653,Independent,1,3,2,8,4,4,4,2,1.4,-3,-2,0.1,NA
Biden,Reuter,6,1,6,1,6,6,66.896,Republican,1,3,6,10,4,2,2,3.5,5.6,0,0,0.3,0.19999999999999996
Biden,MSNBC,4,3,4,3,3,2,77.282,Independent,1,4,5,6,4,2,3.5,1,1,-1,-2,0,NA
Biden,Reuter,2,2,2,2,2,2,63.124,Independent,2,5,2,5,4,2,3.5,2,2.6,0,0,0,NA
Biden,FOX,5,1,5,1,5,5,67.295,Independent,1,3,4,4,5,3,3,2,4.2,0,0,0.3,NA
Ducey,Reuter,5,2,5,2,1,1,66.143,Democrat,1,4,5,4,5,3,1.5,5,6.2,-4,-4,0,0.5
Ducey,Reuter,6,1,6,1,7,6,64.909,Republican,1,4,5,11,2,2,1.5,4.5,6.6,1,0,0.35,0.15000000000000002
Ducey,FOX,2,1,2,2,2,2,61.951,Democrat,2,3,5,12,5,3,3,2,5.6,0,0,0,0.5
Ducey,MSNBC,1,2,1,2,1,1,63.739,Democrat,2,4,5,4,4,4,1.5,3,3.4,0,0,-0.1,0.4
Ducey,MSNBC,3,2,3,2,5,5,79.701,Republican,2,3,3,3,4,2,3,2,4.6,2,2,0.1,0.4
Biden,MSNBC,6,1,6,2,2,3,75.846,Democrat,1,6,7,12,5,4,3,3.5,6,-4,-3,0,0.5
Biden,FOX,7,1,7,1,7,7,62.008,Democrat,2,7,6,5,4,3,1,2.5,6.2,0,0,-0.1,0.4
Ducey,Reuter,3,2,4,2,5,6,68.504,Democrat,2,4,5,5,5,1,2,4.5,4.2,2,2,-0.05,0.45
Biden,Reuter,6,2,6,1,3,3,122.189,Democrat,1,4,5,8,5,4,2.5,2.5,2.6,-3,-3,0.15,0.65
Ducey,FOX,7,1,6,2,5,3,174.059,Republican,1,4,3,6,5,3,3,5,1.2,-2,-3,0,0.5
Ducey,MSNBC,2,2,3,3,1,1,62.124,Democrat,2,6,4,6,5,3,3,4.5,2.4,-1,-2,0,0.5
Ducey,MSNBC,2,3,3,2,1,1,72.432,Democrat,2,3,5,3,5,3,3.5,2,4.8,-1,-2,0,0.5
Biden,MSNBC,3,4,3,3,1,1,100.169,Independent,2,4,5,5,5,2,3.5,2,1.4,-2,-2,0,NA
Ducey,Reuter,3,2,3,3,1,1,61.89,Independent,2,6,3,5,4,1,4,2,6.2,-2,-2,0,NA
Ducey,MSNBC,4,2,3,2,2,1,130.407,Independent,1,3,5,4,4,3,1.5,2.5,4,-2,-2,0.3,NA
Ducey,FOX,4,3,3,3,1,1,92.933,Independent,1,3,2,8,5,3,3.5,2.5,4,-3,-2,0,NA
Ducey,MSNBC,7,1,7,1,7,7,72.297,Republican,1,5,5,6,5,4,3,3,1,0,0,0,0.5
Biden,MSNBC,5,4,5,4,3,3,64.749,Democrat,1,3,5,2,5,3,3.5,1,3,-2,-2,0,0.5
Biden,FOX,4,2,5,2,3,3,60.691,Democrat,1,4,3,4,5,2,3,3,1,-1,-2,0,0.5
Ducey,FOX,2,2,2,2,2,1,71.566,Democrat,1,3,5,3,5,3,3,1.5,2.8,0,-1,0,0.5
Biden,Reuter,5,2,5,1,3,3,61.684,Democrat,2,4,3,3,5,2,3,5,4.2,-2,-2,0,0.5
Biden,FOX,4,1,5,3,4,5,61.459,Democrat,2,6,5,11,5,3,3,2,4.8,0,0,0.4,0.9
Biden,FOX,2,2,2,2,2,2,60.964,Republican,1,3,5,10,5,1,4.5,3,1,0,0,0,0.5
Biden,MSNBC,4,4,4,4,1,1,64.525,Independent,1,3,2,10,4,1,3,1,1,-3,-3,0,NA
Biden,MSNBC,2,1,1,1,1,1,63.029,Republican,2,4,4,6,5,3,2,2,1,-1,0,-0.35,0.85
Ducey,MSNBC,5,3,5,3,2,2,91.794,Democrat,2,6,5,3,5,3,3.5,2.5,4.6,-3,-3,-0.1,0.4
Ducey,Reuter,1,1,1,2,1,1,81.603,Democrat,1,3,5,1,5,3,5,2,4.4,0,0,0,0.5
Biden,FOX,1,4,4,4,1,1,67.483,Independent,1,3,2,6,4,3,3,2,3,0,-3,0,NA
Ducey,FOX,2,2,2,2,1,1,203.184,Democrat,2,3,2,5,4,4,3,2,2,-1,-1,0,0.5
Biden,MSNBC,7,1,7,1,1,1,62.706,Independent,1,3,2,4,5,4,3,5,4,-6,-6,0,NA
Biden,MSNBC,5,2,5,2,3,3,80.312,Democrat,1,4,3,4,5,5,2.5,2.5,1.8,-2,-2,-0.05,0.45
Ducey,MSNBC,1,1,1,1,1,1,147.728,Independent,1,3,4,7,5,2,1,3.5,3.6,0,0,0,NA
Biden,FOX,4,4,5,3,3,3,60.917,Independent,1,3,3,5,5,3,3,3.5,1.6,-1,-2,0.3,NA
Ducey,FOX,7,1,6,1,7,7,61.392,Independent,1,4,4,4,5,3,3,4,1,0,1,-0.2,NA
Ducey,Reuter,5,2,5,2,5,5,75.477,Republican,2,6,2,3,4,2,4,3,1.2,0,0,-0.25,0.75
Ducey,Reuter,2,2,2,2,1,2,131.883,Independent,2,3,5,8,5,2,3.5,2,4.6,-1,0,0,NA
Ducey,FOX,7,2,6,2,3,3,80.22,Republican,1,7,6,6,4,3,1.5,4.5,1,-4,-3,0,0.5
Ducey,Reuter,6,1,5,1,4,2,72.39,Republican,1,3,5,2,5,2,3,4,1.8,-2,-3,-0.35,0.85
Biden,FOX,3,3,5,2,1,1,62.342,Republican,1,3,5,11,3,1,3,4,5,-2,-4,0,0.5
Biden,FOX,6,2,6,2,3,3,72.58,Democrat,1,5,3,11,5,3,3,2,5.2,-3,-3,0.3,0.8
Biden,MSNBC,3,2,2,2,2,2,66.766,Republican,2,4,5,5,5,3,3,5,2,-1,0,0,0.5
Biden,Reuter,6,1,6,2,3,3,67.499,Democrat,1,4,5,10,5,4,2,3.5,5,-3,-3,0.1,0.6
Ducey,Reuter,2,2,2,2,1,1,63.979,Democrat,1,6,3,3,5,4,1.5,2,4.6,-1,-1,0,0.5
Ducey,MSNBC,2,2,2,2,1,1,62.487,Democrat,2,4,4,6,5,1,4,1,2.8,-1,-1,-0.25,0.25
Ducey,Reuter,1,2,1,2,1,1,119.726,Democrat,1,4,5,8,5,2,3.5,3,2.2,0,0,0,0.5
Biden,Reuter,5,2,5,2,3,5,150.625,Democrat,2,4,6,9,5,3,3.5,2.5,4.2,-2,0,0,0.5
Biden,Reuter,5,2,5,2,5,5,62.761,Republican,1,3,4,4,3,3,2.5,3,4.4,0,0,0.1,0.4
Biden,FOX,6,2,2,4,2,2,63.491,Democrat,1,4,5,11,5,3,1,1,4.8,-4,0,0,0.5
Biden,Reuter,6,3,6,3,2,3,75.76,Democrat,1,3,5,2,5,3,1,3,5,-4,-3,0,0.5
Ducey,MSNBC,2,2,2,2,1,1,62.042,Democrat,1,3,4,7,5,4,3,2,4,-1,-1,-0.1,0.4
Ducey,MSNBC,1,1,1,1,3,3,78.314,Democrat,1,3,2,1,4,5,4,2,2.6,2,2,0,0.5
Ducey,Reuter,4,4,5,3,3,2,74.681,Democrat,1,3,6,6,5,3,4,2,2,-1,-3,0,0.5
Ducey,FOX,4,2,5,2,5,6,130.892,Democrat,2,4,6,7,3,4,2.5,3.5,5,1,1,0.35,0.85
Biden,MSNBC,6,1,7,1,2,3,214.577,Democrat,1,3,5,6,5,4,3,5,6.8,-4,-4,0,0.5
Biden,MSNBC,5,2,4,2,5,5,62.166,Democrat,1,4,2,6,2,2,3.5,3,4,0,1,0,0.5
Ducey,MSNBC,7,1,7,1,6,6,101.007,Republican,2,6,3,4,5,3,3,4,1,-1,-1,-0.15,0.65
Biden,FOX,5,4,4,4,3,4,91.952,Democrat,2,4,4,7,5,3,3,4.5,5,-2,0,0.15,0.65
Biden,Reuter,6,2,5,2,6,6,410.731,Independent,2,3,3,3,4,4,3,3.5,2,0,1,0,NA
Ducey,Reuter,7,2,6,2,3,1,73.19,Democrat,2,4,4,5,5,0,2.5,3.5,5,-4,-5,-0.2,0.3
Ducey,FOX,2,2,5,3,2,2,62.623,Independent,1,3,6,4,5,1,3,1,3,0,-3,0,NA
Ducey,FOX,6,2,7,3,2,2,69.158,Democrat,2,4,6,3,3,4,4,3,6,-4,-5,0,0.5
Biden,FOX,4,2,4,2,1,1,75.595,Democrat,1,3,5,7,5,0,2.5,2.5,3.8,-3,-3,0.1,0.6
Biden,MSNBC,5,3,4,3,3,3,84.367,Democrat,1,4,5,11,3,1,2.5,2,3.2,-2,-1,0,0.5
Biden,MSNBC,1,1,2,2,1,2,141.214,Democrat,2,4,2,8,5,3,3.5,3.5,4.4,0,0,0.05,0.55
Ducey,MSNBC,2,1,1,1,2,3,92.312,Democrat,1,3,5,11,4,3,2.5,5,6,0,2,0.3,0.8
Ducey,FOX,3,2,2,3,1,2,144.015,Democrat,2,6,4,4,5,3,3.5,2,3,-2,0,0,0.5
Ducey,FOX,3,2,3,4,1,2,85.314,Democrat,1,4,5,11,5,2,2.5,2,4.2,-2,-1,-0.2,0.3
Biden,Reuter,1,1,1,1,1,1,62.294,Republican,1,6,3,5,5,2,5,5,1,0,0,-0.1,0.6
Ducey,Reuter,1,2,4,2,1,1,192.247,Democrat,2,5,5,11,3,3,2,2,3.6,0,-3,0,0.5
Ducey,MSNBC,4,4,4,4,3,3,67.954,Independent,1,5,3,7,4,1,4,2.5,1.4,-1,-1,-0.5,NA
Ducey,Reuter,4,3,4,3,1,1,63.021,Democrat,1,4,5,12,5,3,4,3,3.6,-3,-3,-0.05,0.45
Ducey,MSNBC,7,1,6,1,7,6,63.164,Republican,1,5,3,7,5,3,3.5,5,1,0,0,-0.4,0.9
Biden,Reuter,2,2,3,2,3,5,103.373,Democrat,1,4,4,5,5,1,3,2,5.4,1,2,-0.05,0.45
Ducey,FOX,5,2,4,3,6,5,61.658,Democrat,1,5,5,11,4,3,3,3,5,1,1,0,0.5
Biden,Reuter,4,4,4,4,1,1,61.653,Republican,2,5,5,11,5,3,4,2,4.2,-3,-3,0,0.5
Biden,Reuter,5,2,6,2,3,3,139.514,Democrat,1,3,5,8,4,2,3,3,4.2,-2,-3,0.1,0.6
Ducey,MSNBC,1,1,1,1,1,1,146.664,Democrat,1,5,4,4,5,2,3,3,5.8,0,0,0.25,0.75
Biden,FOX,5,3,5,3,5,5,61.071,Democrat,1,3,5,7,5,2,2.5,3,3,0,0,0.5,1
Ducey,FOX,1,1,1,1,1,1,67.016,Democrat,2,6,5,2,5,4,3,2,3.4,0,0,0.5,1
Biden,MSNBC,6,1,7,1,6,7,114.373,Democrat,1,4,6,8,5,2,1.5,5,6.2,0,0,-0.4,0.09999999999999998
Biden,MSNBC,4,3,3,3,2,3,61.548,Republican,1,4,5,12,5,1,5,1,1.6,-2,0,-0.2,0.7
Ducey,Reuter,4,1,4,1,2,2,63.11,Democrat,2,3,6,10,5,3,3,4,3.2,-2,-2,0,0.5
Ducey,MSNBC,6,1,7,2,1,2,84.811,Democrat,1,3,5,4,0,3,1.5,3,6.2,-5,-5,0.1,0.6
Biden,FOX,6,1,6,2,5,4,76.922,Republican,1,3,4,6,4,2,4,2,3,-1,-2,0.2,0.30000000000000004
Ducey,Reuter,2,2,3,2,1,1,73.635,Independent,1,3,3,4,5,3,3,3,5.4,-1,-2,0,NA
Biden,MSNBC,5,2,7,2,6,2,64.329,Democrat,1,4,4,5,0,3,2.5,4,1.8,1,-5,0.35,0.85
Biden,Reuter,5,1,6,1,6,7,101.085,Republican,2,4,6,5,4,4,1.5,4.5,3.8,1,1,0,0.5
Ducey,FOX,6,1,6,1,7,5,313.803,Republican,2,6,6,8,3,0,1.5,4.5,6,1,-1,0.25,0.25
Biden,MSNBC,3,2,3,2,2,2,65.45,Republican,1,4,2,9,5,2,4,3,3.8,-1,-1,0,0.5
Biden,Reuter,5,3,6,2,5,4,61.354,Democrat,1,6,5,11,5,3,3,4,4.4,0,-2,0,0.5
Biden,FOX,3,4,3,3,2,3,61.982,Democrat,1,7,3,5,5,3,3,2.5,3.4,-1,0,0.25,0.75
Ducey,MSNBC,7,1,7,1,7,7,63.694,Republican,1,6,5,1,5,2,3.5,5,1,0,0,-0.5,1
Biden,FOX,6,2,5,2,6,5,64.57,Democrat,1,3,5,3,5,3,3,2,2.4,0,0,0.5,1
Biden,Reuter,5,2,6,2,7,7,107.512,Democrat,1,3,5,4,5,0,2,2.5,2.4,2,1,0.2,0.7
Ducey,FOX,1,2,4,3,1,1,63.194,Democrat,1,3,4,3,5,3,3,2,4,0,-3,0,0.5
Ducey,Reuter,6,2,5,2,5,3,87.629,Republican,1,6,6,4,5,1,3,1,2.8,-1,-2,-0.1,0.6
Biden,MSNBC,5,3,5,3,3,4,76.439,Democrat,1,3,5,5,3,2,3.5,2,4.6,-2,-1,0.1,0.6
Ducey,Reuter,1,1,1,1,1,1,72.456,Democrat,1,3,5,6,5,2,3,2.5,5,0,0,0,0.5
Biden,FOX,2,1,1,1,1,1,166.163,Republican,2,4,5,7,5,1,3,3,1,-1,0,0,0.5
Ducey,FOX,7,1,6,1,2,2,167.25,Republican,2,7,4,3,5,1,3,4,1,-5,-4,0,0.5
Ducey,Reuter,6,2,6,2,2,1,69.091,Democrat,2,4,3,4,4,2,3,2.5,2.6,-4,-5,0,0.5
Ducey,Reuter,3,4,4,3,1,1,65.962,Independent,1,3,2,8,5,2,1.5,2,2.6,-2,-3,0,NA
Ducey,MSNBC,4,1,5,2,4,5,268.612,Independent,2,5,5,5,5,1,2.5,3,4.6,0,0,0.2,NA
Ducey,MSNBC,6,2,6,2,6,5,92.254,Democrat,1,3,5,2,2,5,1.5,4,4.8,0,-1,0.2,0.7
Biden,Reuter,5,2,6,2,5,5,313.847,Independent,2,3,5,11,5,4,3,3,2.6,0,-1,0.1,NA
Biden,FOX,1,1,1,1,1,1,67.308,Republican,1,5,5,12,5,3,3,5,1,0,0,0,0.5
Biden,MSNBC,7,1,6,1,6,6,75.465,Democrat,2,4,3,6,5,3,1.5,2,4.4,-1,0,0,0.5
Biden,FOX,7,2,6,2,5,5,96.51,Independent,2,4,4,6,5,2,3,2,2.4,-2,-1,0.5,NA
Biden,Reuter,7,1,7,1,6,6,166.914,Republican,2,3,5,6,5,2,1,4,4.4,-1,-1,0,0.5
Biden,MSNBC,6,2,6,3,3,3,72.221,Republican,2,3,5,8,5,2,2.5,3,4.4,-3,-3,-0.1,0.6
Ducey,FOX,3,3,3,3,2,2,61.192,Independent,2,3,5,7,4,2,1,1.5,4.6,-1,-1,0,NA
Biden,MSNBC,1,1,1,1,1,1,167.604,Independent,1,3,3,4,5,2,3.5,3.5,1,0,0,-0.5,NA
Ducey,Reuter,1,1,1,1,1,1,63.743,Independent,1,2,5,6,5,4,4.5,2,1.4,0,0,-0.1,NA
Ducey,FOX,4,2,3,2,2,2,179.168,Independent,1,3,5,10,4,2,3.5,3,2.8,-2,-1,-0.1,NA
Biden,FOX,4,2,4,2,3,3,78.711,Democrat,2,4,5,10,5,2,3,2,4.4,-1,-1,0,0.5
Biden,Reuter,6,1,7,1,2,1,437.864,Democrat,2,3,2,4,3,2,3,4,6.2,-4,-6,-0.25,0.25
Biden,Reuter,4,2,2,2,4,1,70.332,Democrat,2,2,4,4,5,1,4,3,1,0,-1,0.1,0.6
Ducey,FOX,3,2,3,2,1,1,71.033,Democrat,2,3,5,10,4,2,3.5,2.5,4.6,-2,-2,0.1,0.6
Ducey,Reuter,7,2,6,2,2,2,61.38,Republican,1,5,5,9,5,2,4,4,1.8,-5,-4,-0.45,0.95
Biden,MSNBC,4,4,2,4,4,4,61.278,Independent,1,4,3,5,3,3,4,1.5,1,0,2,-0.4,NA
Biden,MSNBC,6,2,6,2,5,5,64.407,Democrat,1,4,5,4,5,2,3,3,4.4,-1,-1,0,0.5
Ducey,MSNBC,5,2,3,2,2,2,90.494,Republican,2,5,5,8,4,2,3,2.5,3.8,-3,-1,0,0.5
Biden,FOX,6,2,7,2,3,3,61.706,Democrat,2,6,7,12,5,2,1,2,6,-3,-4,0.5,1
Biden,MSNBC,1,2,2,2,1,1,61.641,Republican,2,3,3,11,5,2,3.5,2,1.6,0,-1,0,0.5
Biden,MSNBC,7,2,6,2,1,1,91.341,Democrat,2,3,5,5,5,2,4,2,2.2,-6,-5,0,0.5
Ducey,FOX,5,2,4,3,3,3,64.448,Republican,1,5,6,1,4,1,2.5,2,4.6,-2,-1,0,0.5
Biden,MSNBC,4,3,4,3,4,3,86.125,Republican,2,4,5,10,5,2,2,2,2.8,0,-1,0,0.5
Biden,Reuter,5,2,5,2,5,5,88.853,Democrat,1,3,4,4,4,1,3,3,4.2,0,0,0.1,0.6
Ducey,MSNBC,7,2,7,2,7,6,81.264,Independent,1,7,3,11,4,2,2.5,4.5,1,0,-1,-0.5,NA
Ducey,MSNBC,7,1,5,1,5,5,74.591,Republican,2,5,3,7,5,2,3,3,1,-2,0,-0.35,0.85
Biden,Reuter,1,1,2,1,2,2,61.226,Republican,1,7,2,5,5,3,2.5,3,2,1,0,0,0.5
Ducey,Reuter,4,3,4,2,2,1,79.346,Democrat,2,5,2,4,5,3,3,3,1.4,-2,-3,0,0.5
Biden,FOX,5,4,5,3,5,5,73.338,Independent,1,3,4,8,5,2,4,2,3.8,0,0,0.35,NA
Ducey,MSNBC,2,2,2,3,1,2,75.663,Democrat,1,4,5,8,5,3,3,3,4.6,-1,0,0,0.5
Ducey,FOX,2,2,2,2,1,1,90.831,Democrat,2,4,4,11,4,2,3,3,5,-1,-1,0,0.5
Ducey,MSNBC,3,1,3,1,2,6,61.467,Independent,2,3,5,4,5,2,3.5,3.5,1.6,-1,3,-0.3,NA
Biden,MSNBC,4,2,5,2,5,6,149.217,Democrat,1,4,5,4,5,2,2.5,2,4.2,1,1,-0.1,0.4
Biden,FOX,7,1,7,1,7,7,65.112,Democrat,2,3,5,8,1,3,1,5,6,0,0,0.25,0.75
Ducey,Reuter,5,2,5,2,5,5,65.78,Republican,1,5,5,9,5,2,4,2,2,0,0,-0.3,0.8
Biden,Reuter,5,2,5,2,4,3,81.213,Independent,1,3,5,12,4,3,3.5,3,2.4,-1,-2,0.1,NA
Biden,FOX,4,4,5,3,6,6,119.605,Democrat,1,4,3,4,5,2,1,2.5,1.8,2,1,0.5,1
Biden,FOX,1,2,1,2,1,1,68.163,Independent,1,4,2,2,5,3,4.5,3.5,1.4,0,0,0.1,NA
Ducey,FOX,7,1,7,1,7,7,62.481,Independent,1,6,3,11,5,3,5,5,1,0,0,0,NA
Biden,Reuter,5,3,5,3,3,3,67.573,Democrat,1,6,5,6,5,4,3,3.5,3.8,-2,-2,0,0.5
Ducey,Reuter,6,2,6,1,6,6,68.208,Independent,1,6,3,8,5,2,3,3,2,0,0,-0.3,NA
Ducey,FOX,3,2,4,3,2,3,134.118,Democrat,2,2,5,9,3,2,3.5,2.5,3.8,-1,-1,-0.05,0.45
Ducey,MSNBC,2,2,2,3,1,1,81.17,Democrat,1,3,6,6,5,1,2.5,2.5,3,-1,-1,0,0.5
Biden,MSNBC,3,3,3,3,2,1,73.237,Independent,2,6,5,6,5,2,4,3,3.2,-1,-2,-0.15,NA
Ducey,FOX,2,2,2,1,1,1,103.128,Democrat,2,6,6,4,5,3,1.5,3,3.8,-1,-1,-0.15,0.35
Ducey,MSNBC,3,2,5,2,6,5,62.981,Democrat,1,5,3,8,5,3,3,5,4.4,3,0,0,0.5
Ducey,Reuter,4,1,3,3,1,1,95.912,Democrat,2,4,6,6,5,3,3,3,3,-3,-2,0,0.5
Ducey,FOX,3,2,3,2,2,2,110.137,Democrat,1,4,5,6,5,4,2.5,2.5,5.6,-1,-1,0,0.5
Ducey,Reuter,4,2,3,2,2,2,68.635,Democrat,2,5,6,5,5,2,3,2,2.8,-2,-1,0,0.5
Biden,Reuter,3,2,3,2,2,2,61.939,Republican,2,3,4,5,5,5,3,4,5.4,-1,-1,0.2,0.30000000000000004
Biden,FOX,3,2,3,2,4,4,62.069,Democrat,1,3,5,5,5,3,3,4,4,1,1,0.5,1
Ducey,MSNBC,4,2,2,2,2,2,66.244,Independent,1,4,2,7,5,3,3,3,1.8,-2,0,0,NA
Biden,MSNBC,5,2,5,2,3,3,98.852,Independent,2,5,6,6,3,3,3,5,2,-2,-2,0,NA
Ducey,FOX,2,2,4,3,2,2,64.885,Democrat,1,4,5,5,5,4,4,2.5,2.4,0,-2,0,0.5
Biden,FOX,5,2,5,2,3,2,63.353,Republican,1,2,5,8,2,1,3.5,2,4.2,-2,-3,0.1,0.4
Ducey,Reuter,3,2,5,2,3,5,62.208,Independent,1,3,5,6,5,2,3,3.5,1,0,0,-0.5,NA
Biden,Reuter,4,3,4,2,6,5,139.654,Independent,1,2,5,6,5,4,3,3,2.2,2,1,0.25,NA
Biden,FOX,5,3,6,2,5,5,62.113,Democrat,1,4,3,12,5,4,3.5,4,3.6,0,-1,0.3,0.8
Biden,MSNBC,7,1,7,1,7,7,66.909,Democrat,2,4,5,6,2,2,1.5,5,5.8,0,0,-0.5,0
Biden,Reuter,4,3,5,2,4,3,88.874,Democrat,2,5,5,4,5,3,4.5,3.5,3.6,0,-2,0,0.5
Ducey,MSNBC,3,3,3,3,1,1,97.834,Democrat,2,6,5,10,5,3,3.5,3.5,2.8,-2,-2,0,0.5
Ducey,FOX,5,2,5,2,5,5,126.568,Republican,2,7,3,3,4,2,2.5,4,5,0,0,0,0.5
Ducey,Reuter,5,2,4,2,2,2,75.223,Democrat,1,3,5,8,2,4,2.5,2,5.2,-3,-2,0,0.5
Biden,Reuter,4,4,4,2,2,2,91.259,Democrat,2,3,5,5,5,3,3,5,5.2,-2,-2,0,0.5
Biden,FOX,4,2,4,2,4,4,63.703,Democrat,2,4,5,7,5,2,4,1,1,0,0,0.5,1
Ducey,MSNBC,4,2,3,2,3,4,66.525,Republican,1,5,6,12,5,2,3.5,3.5,4.6,-1,1,0,0.5
Ducey,MSNBC,2,2,3,3,1,1,63.879,Democrat,2,3,2,5,3,3,3,3.5,3.4,-1,-2,0,0.5
Biden,FOX,6,2,6,2,6,6,203.027,Republican,1,4,5,5,4,4,4,2,5,0,0,0.15,0.35
Ducey,FOX,4,2,4,3,3,3,97.177,Independent,2,3,5,6,4,2,3.5,2.5,3.2,-1,-1,0.1,NA
Ducey,FOX,2,2,2,2,1,2,100.71,Democrat,1,4,4,5,5,1,4,3,3.6,-1,0,0.2,0.7
Biden,MSNBC,4,2,6,2,6,6,65.726,Democrat,1,4,5,9,5,3,3.5,3,3.8,2,0,0,0.5
Ducey,Reuter,5,3,5,3,5,3,81.852,Republican,1,7,3,5,5,2,4,3.5,2.4,0,-2,-0.2,0.7
Biden,MSNBC,7,2,7,1,5,3,61.969,Democrat,1,6,1,4,5,4,4.5,3,5.4,-2,-4,0,0.5
Ducey,Reuter,2,1,2,2,1,1,62.314,Democrat,2,3,6,6,5,3,3,5,5,-1,-1,0,0.5
Biden,Reuter,6,2,6,2,2,2,64.169,Democrat,2,5,3,8,5,2,4,3,5.2,-4,-4,0,0.5
Biden,FOX,4,2,6,2,6,6,70.133,Independent,2,3,5,8,5,3,3,3,3.6,2,0,0.3,NA
Biden,Reuter,4,1,6,1,6,5,62.222,Independent,1,3,5,11,5,2,4,5,4.2,2,-1,0,NA
Ducey,FOX,4,3,4,2,4,4,88.012,Republican,1,3,3,11,5,3,5,5,1,0,0,0,0.5
Biden,FOX,3,1,5,2,7,3,99.052,Republican,2,5,3,7,5,1,5,3,2.2,4,-2,0.1,0.4
Biden,Reuter,3,3,3,3,2,2,114.359,Republican,2,6,5,12,5,4,4,4,4.6,-1,-1,0.2,0.30000000000000004
Ducey,FOX,2,4,2,3,1,1,61.595,Democrat,2,5,4,4,4,3,1.5,2.5,2.4,-1,-1,0,0.5
Biden,FOX,5,2,6,3,2,3,76.965,Independent,1,4,6,10,4,2,2.5,3.5,3.6,-3,-3,0.3,NA
Biden,MSNBC,6,1,6,2,2,2,61.926,Democrat,1,3,2,5,5,3,3,2.5,4,-4,-4,-0.35,0.15000000000000002
Ducey,MSNBC,1,1,1,1,1,1,63.625,Democrat,2,4,5,5,5,3,3,2.5,6,0,0,0,0.5
Ducey,MSNBC,6,2,5,3,6,3,61.693,Republican,2,3,5,5,5,4,3,4.5,1.6,0,-2,-0.4,0.9
Ducey,Reuter,4,2,5,2,6,6,66.291,Democrat,1,4,5,6,3,3,2.5,3.5,4.2,2,1,0.3,0.8
Ducey,MSNBC,2,3,4,3,1,1,63.794,Independent,2,4,4,2,5,4,1,3,3.4,-1,-3,0,NA
Biden,Reuter,6,2,6,2,5,5,70.64,Democrat,2,5,5,11,5,4,5,2,5.8,-1,-1,0,0.5
Biden,MSNBC,6,2,6,1,6,6,128.318,Democrat,2,4,5,5,4,3,3,4,5.8,0,0,0,0.5
Biden,FOX,5,2,6,2,2,2,69.647,Democrat,2,2,3,12,5,2,2.5,2,5,-3,-4,0,0.5
Ducey,FOX,2,2,2,2,2,1,247.908,Democrat,2,7,4,6,5,4,4,3.5,6,0,-1,0,0.5
Biden,Reuter,7,1,7,1,3,3,63.726,Independent,1,3,5,5,5,3,5,2.5,6,-4,-4,0,NA
Biden,FOX,5,3,6,2,6,6,60.98,Democrat,1,6,6,11,5,2,3,2,5,1,0,0.5,1
Biden,MSNBC,1,1,1,1,1,2,61.935,Independent,1,4,5,2,5,3,3,4,1,0,1,-0.5,NA
Biden,Reuter,7,1,7,1,4,4,61.544,Democrat,1,3,5,4,5,1,3.5,2,6,-3,-3,0,0.5
Biden,MSNBC,7,2,6,1,7,7,66.017,Democrat,2,7,5,5,5,3,3.5,3,2.8,0,1,0.1,0.6
Ducey,FOX,2,2,3,2,2,2,61.168,Democrat,1,4,5,8,5,2,3,2,4.8,0,-1,0,0.5
Ducey,FOX,3,3,3,3,3,1,92.77,Independent,1,3,5,4,5,3,2.5,1,2,0,-2,-0.1,NA
Ducey,MSNBC,2,2,3,3,1,2,109.709,Democrat,2,3,5,10,5,1,3.5,2,4.2,-1,-1,0.25,0.75
Biden,Reuter,4,4,4,4,4,3,87.981,Independent,2,4,4,6,4,3,2.5,3,1,0,-1,0.2,NA
Biden,FOX,5,3,5,2,3,3,83.076,Independent,2,7,5,5,5,2,1,4.5,5,-2,-2,0.35,NA
Ducey,Reuter,7,1,7,1,7,7,135.628,Independent,2,4,3,6,4,2,2.5,5,1.2,0,0,-0.5,NA
Ducey,MSNBC,4,2,5,2,5,5,62.502,Independent,1,3,5,1,3,4,3,3.5,4.4,1,0,0.05,NA
Biden,MSNBC,1,1,1,1,7,7,66.12,Republican,2,4,5,8,5,1,5,5,4,6,6,0,0.5
Ducey,Reuter,6,2,5,1,7,5,149.484,Republican,1,3,4,11,5,3,3.5,4,1.8,1,0,-0.5,1
Biden,MSNBC,4,1,4,1,1,1,65.493,Democrat,2,4,5,4,5,2,3,5,2.8,-3,-3,0,0.5
Biden,Reuter,6,2,6,2,5,5,85.043,Democrat,2,3,4,3,4,2,4,4,6,-1,-1,0,0.5
Biden,FOX,5,1,6,1,3,6,149.449,Democrat,2,6,5,3,5,2,3,3,5.8,-2,0,0,0.5
Ducey,Reuter,3,2,3,2,3,3,61.315,Democrat,2,3,3,6,4,3,1,1,5,0,0,0.45,0.95
Ducey,Reuter,6,1,6,2,6,6,108.256,Republican,1,3,2,4,4,3,2.5,2.5,6,0,0,0.2,0.30000000000000004
Ducey,MSNBC,4,3,2,2,1,1,61.521,Democrat,2,2,3,6,2,3,1.5,2.5,2.4,-3,-1,0.1,0.6
Biden,Reuter,7,1,7,1,7,7,63.195,Republican,2,6,3,6,3,3,5,2,2.8,0,0,-0.5,1
Biden,FOX,2,1,1,1,1,1,75.073,Republican,1,2,5,8,5,2,5,4.5,1,-1,0,0.2,0.30000000000000004
Ducey,FOX,1,1,2,1,1,1,74.847,Democrat,1,6,3,8,5,2,3,3,3.4,0,-1,0,0.5
Biden,MSNBC,4,4,4,4,3,4,61.725,Independent,1,4,5,3,4,1,3,2,1,-1,0,0,NA
Ducey,Reuter,3,2,5,2,2,2,78.436,Independent,1,4,4,2,5,2,3,2,2.4,-1,-3,-0.1,NA
Ducey,FOX,2,1,3,1,2,2,62.806,Republican,2,4,6,11,4,2,4,2,4,0,-1,-0.1,0.6
Biden,Reuter,7,1,7,1,7,7,72.449,Democrat,1,4,6,7,5,4,3.5,2,6,0,0,0.5,1
Ducey,FOX,7,1,4,1,4,5,61.672,Independent,1,6,6,1,5,2,3,3.5,1,-3,1,0,NA
Biden,MSNBC,1,1,1,1,1,1,90.307,Republican,1,3,3,3,5,2,4.5,5,1,0,0,0,0.5
Biden,FOX,5,3,5,3,4,5,61.692,Independent,1,5,4,7,5,3,3,2.5,3,-1,0,0.25,NA
Biden,FOX,4,2,4,2,4,4,135.576,Democrat,2,3,5,4,4,3,2.5,1,4,0,0,0,0.5
Ducey,MSNBC,1,1,1,1,1,1,61.474,Independent,2,6,4,11,5,3,2.5,2,3.2,0,0,0,NA
Ducey,Reuter,2,1,1,2,2,2,61.23,Democrat,2,6,6,9,5,2,3,2,3,0,1,-0.1,0.4
Biden,MSNBC,6,2,6,2,6,5,63.36,Democrat,2,4,4,9,5,4,3,2,5.4,0,-1,0,0.5
Ducey,MSNBC,6,2,5,2,6,5,97.034,Republican,2,5,3,12,5,3,3.5,3.5,1.4,0,0,-0.5,1
Ducey,FOX,2,1,2,2,1,1,65.165,Democrat,2,3,3,9,4,3,3.5,1.5,2.4,-1,-1,0,0.5
Biden,MSNBC,3,3,3,3,2,6,67.902,Republican,2,5,5,7,5,3,3.5,1.5,3.4,-1,3,0.1,0.4
Ducey,FOX,3,3,3,3,3,4,80.553,Independent,2,7,2,2,2,2,2.5,2,4.2,0,1,0,NA
Biden,FOX,5,2,6,2,6,6,73.639,Republican,1,3,2,2,2,3,2.5,2.5,5.6,1,0,0,0.5
Biden,Reuter,7,2,6,2,5,5,62.376,Independent,2,6,5,9,5,3,1,1,5.4,-2,-1,0.3,NA
Biden,MSNBC,5,2,5,2,4,5,61.212,Democrat,1,4,5,10,4,4,1.5,3,3.4,-1,0,0.05,0.55
Biden,MSNBC,6,2,6,2,5,5,67.201,Independent,1,4,5,7,5,3,3.5,2,5.8,-1,-1,0,NA
Ducey,MSNBC,3,3,2,3,1,1,182.901,Democrat,1,3,5,11,5,3,3,1,3,-2,-1,0,0.5
Ducey,Reuter,1,1,1,1,1,1,63.303,Democrat,1,6,5,6,5,3,4,2,3.8,0,0,0,0.5
Biden,Reuter,5,2,5,2,5,4,74.962,Democrat,2,5,3,10,4,4,3,4.5,5.6,0,-1,-0.3,0.2
Ducey,Reuter,2,1,3,1,2,3,74.661,Independent,2,6,5,5,5,2,3.5,2,3,0,0,0,NA
Ducey,MSNBC,3,2,3,2,4,4,65.263,Democrat,2,3,2,1,2,3,3,2,4,1,1,0,0.5
Biden,FOX,5,3,6,3,3,3,62.913,Independent,1,3,6,11,5,3,3,2.5,2.2,-2,-3,0.2,NA
Biden,Reuter,3,2,3,2,3,2,62,Republican,1,5,6,11,5,1,2,3,3.8,0,-1,0,0.5
Ducey,Reuter,2,2,3,2,2,1,64.455,Independent,1,4,5,1,5,3,3,1.5,3.2,0,-2,0,NA
Ducey,MSNBC,6,2,6,1,6,6,68.18,Republican,1,5,3,6,5,2,3.5,1.5,1,0,0,-0.5,1
Biden,FOX,4,1,5,2,5,5,70.578,Independent,1,5,4,8,5,3,4,2,2.2,1,0,0.05,NA
Ducey,FOX,2,2,2,2,2,2,102.444,Democrat,1,5,5,11,5,3,3.5,2.5,6,0,0,0,0.5
Ducey,FOX,2,2,2,2,1,1,69.636,Independent,2,3,5,6,2,3,3,1,2,-1,-1,0,NA
Biden,Reuter,6,2,6,2,5,5,65.963,Democrat,1,4,6,7,5,3,3.5,1,4.4,-1,-1,0,0.5
Biden,MSNBC,5,3,5,2,2,1,68.499,Independent,1,3,5,1,5,3,2.5,2,3,-3,-4,0,NA
Biden,FOX,4,1,3,4,2,3,62.721,Democrat,2,4,6,8,5,2,3.5,4,4,-2,0,0,0.5
Ducey,Reuter,5,2,5,2,5,5,83.625,Independent,1,3,2,1,5,3,3,4,3,0,0,-0.35,NA
Ducey,MSNBC,7,1,6,1,6,6,98.896,Independent,2,5,6,5,5,3,3,4,1,-1,0,-0.5,NA
Ducey,Reuter,1,1,2,1,1,1,64.409,Democrat,2,5,5,3,4,3,3.5,2,5.2,0,-1,0,0.5
Ducey,MSNBC,6,2,5,2,5,5,72.644,Republican,2,5,6,11,5,2,4,5,2.2,-1,0,-0.5,1
Biden,MSNBC,5,2,5,2,2,1,62.873,Democrat,2,3,5,3,5,4,3,2,2,-3,-4,0,0.5
Ducey,MSNBC,2,2,2,2,1,1,97.027,Democrat,2,4,1,2,2,2,1,1,4.2,-1,-1,0,0.5
Biden,MSNBC,4,4,5,2,4,3,90.087,Democrat,1,3,5,9,3,2,2,1,2,0,-2,-0.05,0.45
Biden,Reuter,4,2,4,3,1,1,89.113,Republican,2,2,3,5,4,3,4,3,3.2,-3,-3,0,0.5
Ducey,MSNBC,2,1,2,1,2,2,75.028,Independent,1,4,3,6,5,4,2.5,2,2.2,0,0,-0.1,NA
Biden,Reuter,6,1,5,2,5,5,61.753,Republican,1,5,5,7,5,2,3.5,2,3.4,-1,0,0,0.5
Ducey,FOX,7,1,7,1,7,7,105.951,Independent,1,4,5,10,4,3,3,5,1,0,0,-0.4,NA
Biden,Reuter,3,4,5,3,2,2,119.501,Independent,1,6,6,9,5,3,3,5,3.8,-1,-3,0,NA
Ducey,FOX,3,2,3,2,2,2,100.902,Democrat,2,6,4,3,5,2,3,2,4.8,-1,-1,0,0.5
Ducey,Reuter,5,4,3,4,1,1,125.221,Democrat,1,7,3,6,4,3,3.5,3,1.6,-4,-2,0,0.5
Ducey,Reuter,5,3,5,3,4,3,96.02,Republican,2,6,5,7,3,3,3,4,3,-1,-2,-0.4,0.9
Biden,Reuter,3,4,4,3,3,3,67.314,Democrat,1,4,6,6,5,3,4,2,2.6,0,-1,0,0.5
Biden,FOX,1,1,1,4,1,1,71.492,Republican,2,6,3,8,5,3,3,5,1.4,0,0,0,0.5
Biden,Reuter,4,3,5,4,2,2,85.773,Independent,2,5,5,10,4,2,3,2.5,2.4,-2,-3,0,NA
Biden,MSNBC,1,1,1,1,1,1,62.396,Republican,1,3,2,6,5,3,3,5,1,0,0,0,0.5
Ducey,FOX,5,4,2,2,5,2,119.758,Republican,2,6,4,4,5,1,4,3,2.2,0,0,-0.1,0.6
Ducey,FOX,3,2,2,2,2,2,142.929,Republican,2,7,6,8,5,3,3,3,1.8,-1,0,0,0.5
Ducey,FOX,3,3,3,2,1,1,112.719,Democrat,1,2,5,3,4,2,3,2.5,4,-2,-2,-0.2,0.3
Ducey,Reuter,7,1,4,3,5,5,126.285,Republican,2,7,2,11,5,2,3,5,2.8,-2,1,-0.5,1
Biden,MSNBC,6,2,6,2,2,3,104.916,Independent,2,4,2,3,5,2,3.5,1,6,-4,-3,0,NA
Biden,FOX,1,1,2,2,1,1,86.246,Republican,2,7,2,5,5,2,3,4.5,1,0,-1,0,0.5
Ducey,FOX,7,1,7,1,4,4,63.132,Republican,2,6,2,3,4,3,5,2,2.6,-3,-3,0,0.5
Ducey,Reuter,5,1,5,1,4,4,79.652,Independent,1,6,3,10,5,2,3.5,4.5,2.6,-1,-1,0,NA
Ducey,MSNBC,2,1,2,2,1,1,91.233,Democrat,1,4,5,7,5,2,4,2.5,4,-1,-1,-0.1,0.4
Biden,MSNBC,2,1,1,1,1,1,65.306,Republican,1,4,3,3,5,3,5,5,2.6,-1,0,0,0.5
Biden,Reuter,4,1,2,2,2,2,62.852,Independent,1,6,5,2,5,3,2,5,1.4,-2,0,0,NA
Ducey,Reuter,4,3,7,1,6,7,63.278,Republican,1,3,5,6,2,1,2,4,5.2,2,0,-0.35,0.85
Biden,MSNBC,4,4,5,4,2,2,70.45,Democrat,2,3,6,9,4,2,3,1.5,2.2,-2,-3,0,0.5
Biden,FOX,6,2,6,2,5,5,70.45,Democrat,1,4,6,6,5,3,2,4,5,-1,-1,0.1,0.6
Biden,FOX,4,4,4,4,4,4,63.558,Democrat,1,3,4,5,5,3,3,3,4,0,0,0.15,0.65
Ducey,FOX,7,2,6,2,3,3,82.903,Republican,2,7,3,3,5,3,3.5,3.5,1,-4,-3,0,0.5
Biden,FOX,4,3,5,3,3,3,70.759,Independent,1,5,2,4,4,2,2,2,3,-1,-2,0,NA
Ducey,MSNBC,2,2,2,2,2,2,106.571,Democrat,1,6,5,3,5,4,3.5,2.5,3.6,0,0,-0.1,0.4
Ducey,Reuter,2,2,2,2,1,1,94.45,Democrat,1,3,5,6,5,2,3,2,5,-1,-1,0,0.5
Ducey,FOX,3,1,3,2,1,1,66.04,Democrat,1,3,5,4,5,4,3,2,5,-2,-2,0.2,0.7
Ducey,Reuter,2,1,2,2,2,1,71.752,Democrat,1,6,5,4,5,2,3.5,3,5.8,0,-1,0,0.5
Biden,FOX,6,2,6,2,6,6,70.639,Democrat,1,4,6,9,5,1,3,4,5.4,0,0,0.5,1
Biden,Reuter,5,3,5,3,3,2,139.668,Democrat,1,4,6,11,4,2,2.5,2.5,4.4,-2,-3,0,0.5
Biden,MSNBC,4,4,5,3,2,3,61.909,Democrat,1,4,3,5,5,3,3.5,2.5,3.4,-2,-2,-0.1,0.4
Ducey,MSNBC,1,1,1,1,1,1,107.988,Democrat,1,7,5,11,5,2,3,3,5,0,0,0.25,0.75
Biden,MSNBC,7,1,7,1,2,2,173.555,Democrat,2,5,5,8,5,3,3,1,4.8,-5,-5,-0.2,0.3
Ducey,FOX,3,3,3,4,2,2,170.569,Democrat,2,5,1,8,4,3,2.5,2,2.8,-1,-1,0,0.5
Ducey,Reuter,3,3,3,4,3,3,62.951,Democrat,1,6,3,5,5,2,3,2.5,5.4,0,0,-0.1,0.4
Biden,FOX,6,3,6,3,2,2,61.863,Democrat,1,5,5,5,5,3,3,3,4.4,-4,-4,0.1,0.6
Ducey,MSNBC,6,2,6,2,6,3,103.583,Republican,2,3,6,6,5,2,2.5,5,3.8,0,-3,0.05,0.44999999999999996
Ducey,MSNBC,2,2,2,2,2,2,63.271,Independent,2,5,5,8,5,2,4.5,3,3,0,0,-0.2,NA
Biden,Reuter,5,3,4,1,2,2,73.721,Democrat,2,3,2,6,4,2,2.5,1,3.8,-3,-2,0.1,0.6
Biden,MSNBC,1,1,1,1,1,1,64.227,Republican,1,5,5,12,5,2,4.5,4.5,1.6,0,0,0.1,0.4
Ducey,Reuter,5,2,5,2,6,6,79.82,Independent,2,3,4,2,4,2,2.5,2,2,1,1,-0.35,NA
Biden,Reuter,5,3,5,3,4,3,61.546,Republican,1,3,5,8,5,2,3.5,2,2.4,-1,-2,0,0.5
Biden,MSNBC,2,2,2,2,2,1,116.492,Independent,1,3,3,5,5,3,3,2.5,1,0,-1,-0.1,NA
Ducey,FOX,4,2,5,3,3,4,113.865,Independent,2,5,4,7,4,2,4,2.5,1.6,-1,-1,-0.1,NA
Biden,Reuter,6,2,6,2,3,3,74.043,Democrat,2,4,5,7,5,2,3.5,1.5,4.8,-3,-3,0,0.5
Ducey,MSNBC,1,1,4,3,1,2,66.826,Independent,1,6,5,2,5,4,3,1,3.6,0,-2,0,NA
Ducey,MSNBC,7,1,3,2,7,3,69.07,Republican,1,6,6,11,5,3,3.5,4,1.8,0,0,-0.25,0.75
Biden,Reuter,5,2,5,2,5,3,139.698,Democrat,2,7,5,8,5,2,3,2,3.4,0,-2,0,0.5
Ducey,Reuter,4,3,4,2,3,4,90.265,Independent,2,4,2,5,5,2,2,2.5,4,-1,0,0.05,NA
Biden,MSNBC,1,1,1,1,1,1,71.951,Republican,1,5,5,10,5,3,4,5,1.2,0,0,-0.15,0.65
Biden,FOX,5,3,4,4,2,2,554.892,Democrat,2,5,4,6,5,4,3,1,4.8,-3,-2,0,0.5
Ducey,Reuter,1,2,1,2,1,2,77.363,Democrat,2,6,2,4,5,4,2.5,2,3,0,1,0,0.5
Ducey,MSNBC,4,2,3,2,4,3,104.203,Independent,2,6,6,4,5,3,1.5,5,2.4,0,0,-0.45,NA
Ducey,MSNBC,2,2,2,2,1,1,87.098,Democrat,1,5,7,7,4,3,3.5,3,4.8,-1,-1,0,0.5
Biden,FOX,4,3,4,3,2,3,62.332,Democrat,2,6,5,1,5,3,3.5,4,2.8,-2,-1,0,0.5
Ducey,MSNBC,4,4,4,4,1,2,158.629,Democrat,1,4,3,6,5,4,2.5,1,4,-3,-2,0,0.5
Biden,FOX,5,3,5,3,3,3,87.711,Independent,1,7,5,3,5,3,3,2.5,4.2,-2,-2,0.15,NA
Ducey,FOX,6,2,6,2,5,2,179.008,Independent,1,6,3,4,5,2,4.5,5,1.8,-1,-4,0,NA
Biden,MSNBC,3,1,3,1,2,2,314.69,Independent,2,5,3,9,4,3,4.5,5,1,-1,-1,0,NA
Ducey,MSNBC,2,2,3,2,3,3,75.831,Democrat,2,6,4,10,5,5,3.5,4.5,4,1,0,0.2,0.7
Biden,FOX,6,2,6,1,6,6,75.251,Democrat,1,4,4,1,5,2,3.5,4,2.8,0,0,0.5,1
Ducey,FOX,6,2,5,2,5,6,63.227,Republican,2,3,5,11,5,2,3,3,2,-1,1,-0.5,1
Biden,FOX,2,1,2,1,2,2,78.372,Independent,2,3,3,2,5,1,3.5,4,1,0,0,0.25,NA
Biden,Reuter,1,1,1,1,7,6,163.256,Independent,1,3,2,1,4,3,3,1,1.6,6,5,0,NA
Biden,FOX,1,1,1,1,1,1,63.011,Republican,2,4,5,8,5,3,3,5,1,0,0,-0.5,1
Biden,MSNBC,5,3,6,3,2,2,63.537,Democrat,1,4,6,4,5,4,1,2,5.8,-3,-4,0,0.5
Biden,Reuter,2,2,2,2,2,2,60.952,Republican,2,3,5,9,5,2,3,4,1.4,0,0,-0.15,0.65
Ducey,Reuter,4,2,5,2,6,6,128.745,Republican,2,5,5,8,4,1,2,4.5,5.6,2,1,0,0.5
Biden,Reuter,5,4,6,2,3,3,65.004,Democrat,2,4,5,6,5,4,3.5,2,4.6,-2,-3,0,0.5
Biden,MSNBC,5,3,5,2,2,2,101.104,Democrat,2,6,4,2,5,2,3,4,4.6,-3,-3,0.4,0.9
Ducey,FOX,6,2,5,2,6,5,195.656,Democrat,2,5,6,8,3,2,2,3.5,5.6,0,0,0.2,0.7
Biden,FOX,5,1,7,1,1,1,62.322,Republican,2,4,5,8,5,2,3,5,6,-4,-6,0,0.5
Biden,Reuter,3,3,3,2,3,3,62.58,Independent,1,3,3,6,5,2,3.5,3,1,0,0,0,NA
Ducey,Reuter,7,1,7,1,7,7,63.97,Republican,1,6,5,6,5,2,3,5,1,0,0,-0.5,1
Ducey,MSNBC,5,2,5,1,5,5,61.1,Republican,2,4,6,12,4,3,3,5,5,0,0,0.3,0.19999999999999996
Biden,MSNBC,6,2,6,3,2,3,86.806,Democrat,1,3,5,5,4,2,3,3,3.4,-4,-3,0,0.5
Ducey,Reuter,4,2,6,2,6,6,66.562,Democrat,2,6,5,6,4,2,1.5,4.5,4.8,2,0,0.45,0.95
Ducey,FOX,1,1,1,1,1,1,71.931,Democrat,1,5,5,6,5,2,3.5,2,4.6,0,0,0,0.5
Ducey,Reuter,5,2,3,2,1,1,101.115,Democrat,1,6,4,11,5,3,3.5,1,6,-4,-2,0,0.5
Biden,Reuter,7,2,6,2,5,5,75.283,Democrat,1,4,5,4,5,3,4,1,6,-2,-1,0,0.5
Ducey,MSNBC,2,2,2,2,2,2,64.432,Democrat,2,6,6,12,5,2,5,2.5,4.6,0,0,0,0.5
Biden,Reuter,1,1,1,1,1,1,78.598,Republican,2,6,2,4,5,2,4,4,1,0,0,0,0.5
Biden,MSNBC,5,2,6,2,7,7,63.652,Democrat,1,4,5,8,1,3,1.5,4.5,6,2,1,0.3,0.8
Biden,MSNBC,4,1,4,1,1,2,92.158,Republican,2,3,5,6,5,2,3,4,5,-3,-2,0,0.5
Biden,MSNBC,5,4,5,4,2,3,68.249,Independent,1,4,4,1,5,1,3,3,2.4,-3,-2,0,NA
Biden,FOX,7,1,7,1,5,6,63.57,Democrat,2,7,5,8,5,3,3.5,5,7,-2,-1,0.5,1
Ducey,Reuter,1,1,1,1,1,1,72.721,Democrat,1,3,2,3,5,3,3,2.5,2.8,0,0,0,0.5
Ducey,FOX,4,3,4,2,1,1,70.206,Republican,1,4,5,7,5,1,3.5,2.5,4,-3,-3,0,0.5
Ducey,Reuter,3,2,4,3,2,1,163.884,Democrat,2,7,5,4,5,3,4.5,2,5.2,-1,-3,0.25,0.75
Ducey,MSNBC,2,3,2,3,1,1,116.315,Democrat,2,6,3,2,5,4,3,1.5,2.6,-1,-1,-0.1,0.4
Biden,MSNBC,4,1,4,1,4,4,78.602,Independent,1,2,2,11,5,1,3,1.5,3,0,0,0.5,NA
Biden,Reuter,2,1,1,1,1,1,62.336,Republican,2,7,2,6,5,2,4,5,1,-1,0,-0.3,0.8
Biden,FOX,4,4,5,3,5,5,74.466,Democrat,2,6,3,7,5,3,3.5,3,2.4,1,0,0.45,0.95
Ducey,FOX,7,1,6,2,7,7,154.107,Independent,1,6,3,10,5,2,3,5,1,0,1,-0.5,NA
Ducey,MSNBC,2,3,3,3,2,2,71.859,Democrat,1,4,6,6,4,3,4,5,2.4,0,-1,-0.2,0.3
Ducey,MSNBC,4,4,4,4,2,2,70.411,Independent,1,7,5,4,5,3,2,3,2,-2,-2,-0.1,NA
Biden,Reuter,5,2,5,2,5,4,69.727,Democrat,1,3,5,4,5,3,3,3,4.8,0,-1,0.1,0.6
Ducey,FOX,6,1,6,2,5,6,67.73,Democrat,2,4,6,5,4,4,1.5,2.5,5.8,-1,0,0,0.5
Biden,MSNBC,5,2,5,2,3,3,123.026,Democrat,2,5,2,3,5,2,3,3,4.6,-2,-2,0,0.5
Ducey,FOX,4,2,4,3,2,1,64.268,Democrat,1,3,5,4,3,3,3,1.5,4.2,-2,-3,0,0.5
Ducey,FOX,5,3,5,3,3,3,82.868,Republican,1,3,5,9,5,1,3.5,3.5,2.8,-2,-2,0,0.5
Biden,FOX,6,1,5,1,6,6,71.712,Democrat,2,3,3,3,4,2,3.5,4.5,3,0,1,0.5,1
Biden,Reuter,4,4,4,4,3,3,64.5,Independent,2,4,5,9,5,1,3,3,2.8,-1,-1,0,NA
Ducey,MSNBC,4,2,3,3,2,2,88.41,Democrat,1,3,5,5,0,3,3,2.5,4.8,-2,-1,0,0.5
Ducey,Reuter,4,3,3,2,3,2,61.795,Democrat,2,3,5,5,4,2,2.5,2,2.4,-1,-1,0.1,0.6
Biden,Reuter,6,3,6,2,2,3,91.139,Democrat,1,3,5,6,5,1,4,2,5,-4,-3,0,0.5
Biden,MSNBC,2,2,3,2,1,1,62.919,Republican,2,5,4,8,5,3,3,3,1,-1,-2,0,0.5
Ducey,FOX,3,2,3,2,3,2,72.711,Democrat,1,7,3,2,4,4,2.5,3.5,3.4,0,-1,0.05,0.55
Ducey,Reuter,3,2,3,1,2,3,80.857,Independent,1,2,6,3,5,3,2,2.5,1.4,-1,0,-0.1,NA
Ducey,Reuter,2,1,1,2,1,1,117.595,Democrat,2,5,5,7,5,4,3,3,4,-1,0,0,0.5
Biden,FOX,2,1,2,1,1,1,61.679,Independent,1,6,3,2,5,2,3.5,3.5,1,-1,-1,-0.2,NA
Ducey,FOX,4,4,4,4,2,2,67.987,Independent,2,3,4,6,3,2,5,1,6.6,-2,-2,-0.5,NA
Biden,FOX,4,3,4,3,4,5,76.212,Democrat,2,3,3,4,5,2,2.5,2,5,0,1,0.25,0.75
Ducey,MSNBC,7,1,7,1,7,6,80.742,Republican,1,5,5,11,5,3,3,5,1.6,0,-1,-0.5,1
Ducey,FOX,7,2,6,2,6,6,61.816,Democrat,2,3,7,3,2,3,3,3,6,-1,0,0.3,0.8
Ducey,MSNBC,3,2,3,2,2,2,105.847,Democrat,1,6,4,4,5,3,2,3,3.8,-1,-1,-0.2,0.3
Biden,MSNBC,4,2,4,2,3,4,78.949,Democrat,2,6,4,1,5,4,3.5,3,4,-1,0,0,0.5
Ducey,MSNBC,1,1,1,1,3,3,68.091,Democrat,1,3,5,8,4,4,2,1.5,5.4,2,2,0.15,0.65
Biden,FOX,6,2,7,2,4,4,61.485,Democrat,1,6,6,3,5,2,3,3,4,-2,-3,0.5,1
Ducey,FOX,3,2,6,2,5,4,65.645,Independent,1,5,5,5,5,4,3,3,4.6,2,-2,0.1,NA
Biden,MSNBC,6,1,7,2,6,7,62.532,Democrat,1,4,6,8,4,4,2,5,6.2,0,0,-0.25,0.25
Ducey,Reuter,5,3,4,3,2,2,75.161,Independent,2,4,6,11,5,3,2.5,2,4.2,-3,-2,0.2,NA
Ducey,Reuter,6,2,6,2,6,6,63.973,Republican,2,5,6,11,5,3,1.5,3,2,0,0,-0.1,0.6
Ducey,FOX,4,2,4,2,6,4,744.038,Democrat,2,3,5,4,1,3,2.5,3.5,4.8,2,0,0.15,0.65
Biden,Reuter,6,1,6,1,6,6,74.424,Democrat,2,6,6,7,5,3,2,1.5,6.4,0,0,0,0.5
Ducey,Reuter,7,2,6,2,6,6,76.848,Democrat,2,3,5,3,4,3,2,4,6,-1,0,0.3,0.8
Biden,FOX,1,1,1,1,1,1,71.269,Republican,2,3,7,5,4,3,3.5,5,1,0,0,0,0.5
Ducey,FOX,3,2,2,2,1,1,89.885,Democrat,2,4,3,5,3,3,3.5,2,2,-2,-1,0.05,0.55
Ducey,Reuter,6,2,6,2,2,2,73.436,Republican,2,5,5,10,4,3,3.5,1,1,-4,-4,0,0.5
Biden,Reuter,5,3,6,2,4,5,61.518,Democrat,1,3,5,7,5,3,4.5,2,5,-1,-1,0,0.5
Ducey,Reuter,1,2,1,2,1,1,61.131,Democrat,1,3,5,12,5,4,2.5,3,2.6,0,0,0,0.5
Ducey,Reuter,1,1,1,1,1,1,95.104,Democrat,1,5,5,11,5,4,4,2,2.2,0,0,0,0.5
Ducey,MSNBC,2,2,2,2,1,1,100.468,Democrat,1,6,6,9,5,4,3.5,4,5.6,-1,-1,0,0.5
Biden,MSNBC,1,1,1,1,1,1,72.472,Republican,2,6,5,3,5,2,3,5,2.2,0,0,-0.5,1
Ducey,MSNBC,7,1,6,1,3,3,166.138,Republican,2,6,3,11,5,3,3,5,1,-4,-3,-0.2,0.7
Biden,Reuter,3,3,3,3,2,1,123.189,Republican,2,3,5,9,5,2,3,2.5,3.4,-1,-2,0,0.5
Biden,FOX,4,3,4,3,3,3,66.446,Republican,1,5,5,5,5,1,3,2,5,-1,-1,0.2,0.30000000000000004
Biden,MSNBC,3,2,3,2,2,3,66.044,Democrat,1,5,6,12,5,2,4,4,3.8,-1,0,0,0.5
Ducey,FOX,6,1,6,2,5,3,140.591,Republican,1,3,5,12,5,3,4,3.5,2,-1,-3,-0.05,0.55
Biden,FOX,1,1,1,1,1,1,61.499,Republican,1,5,5,11,5,2,3.5,5,1.2,0,0,0,0.5
Biden,Reuter,1,2,3,2,1,1,149.698,Republican,1,7,5,12,5,2,3,5,4,0,-2,0,0.5
Ducey,MSNBC,7,1,7,1,7,7,63.156,Independent,1,4,4,2,4,2,3,5,1,0,0,-0.5,NA
Biden,MSNBC,4,3,4,3,3,3,75.075,Democrat,1,3,6,12,5,2,3,3,4,-1,-1,0,0.5
Ducey,FOX,2,1,2,1,1,1,61.181,Democrat,2,4,3,8,4,3,3,4.5,5.2,-1,-1,0,0.5
Biden,FOX,5,3,5,3,3,3,757.166,Democrat,2,4,5,10,5,2,3,3,5,-2,-2,0,0.5
Ducey,MSNBC,6,2,5,2,6,6,92.818,Republican,1,3,5,6,3,3,2,2,5.4,0,1,0.3,0.19999999999999996
Biden,Reuter,5,2,5,2,3,3,61.441,Democrat,2,3,5,8,4,5,3,5,6,-2,-2,-0.1,0.4
Ducey,FOX,5,2,5,2,4,4,101.359,Republican,1,3,3,10,4,2,4,3,3,-1,-1,-0.1,0.6
Ducey,MSNBC,2,1,3,1,3,3,62.061,Democrat,1,3,6,9,5,3,3,4,5,1,0,0,0.5
Biden,FOX,4,3,6,2,4,3,103.887,Democrat,2,2,5,6,3,2,5,3,4.2,0,-3,0,0.5
Biden,Reuter,6,1,6,2,6,6,62.795,Democrat,1,4,5,7,1,3,1.5,4,6.4,0,0,0.3,0.8
Ducey,MSNBC,1,2,1,2,1,1,93.682,Democrat,2,3,2,1,4,4,3,1,1.2,0,0,-0.1,0.4
Ducey,Reuter,2,3,3,3,1,2,65.003,Republican,2,4,5,6,5,3,4,2,5,-1,-1,0,0.5
Biden,MSNBC,6,2,6,2,5,5,65.4,Democrat,1,4,3,5,5,3,3,2,5,-1,-1,0,0.5
Biden,FOX,7,1,7,1,7,7,61.876,Democrat,1,3,6,4,4,4,3,4,5,0,0,0.5,1
Ducey,Reuter,6,2,3,2,1,1,69.793,Democrat,1,5,5,11,5,2,3,2,4,-5,-2,0,0.5
Biden,MSNBC,2,4,2,4,1,1,70.084,Republican,1,4,5,2,5,2,2.5,4.5,1.8,-1,-1,-0.5,1
Biden,FOX,6,2,6,1,3,3,68.802,Democrat,1,3,3,5,5,3,1.5,1.5,4.8,-3,-3,0.3,0.8
Ducey,Reuter,1,2,2,2,1,1,62.063,Democrat,2,3,4,4,5,3,3,2,1,0,-1,0,0.5
Ducey,FOX,1,2,2,2,1,1,81.135,Democrat,1,3,2,4,5,3,3,4,2.4,0,-1,0,0.5
Biden,FOX,6,2,6,2,6,6,63.854,Independent,1,5,3,9,5,3,3,4,5,0,0,0.15,NA
Ducey,MSNBC,2,3,1,4,1,1,61.777,Democrat,2,4,3,1,5,1,3,1,3,-1,0,0,0.5
Ducey,FOX,7,1,6,2,6,6,63.263,Republican,1,3,6,11,5,3,3,4,1,-1,0,-0.35,0.85
Biden,MSNBC,4,4,4,4,2,3,88.138,Independent,1,4,7,6,5,3,3,2.5,4,-2,-1,0,NA
Ducey,Reuter,6,1,5,2,3,3,96.092,Republican,1,7,5,8,5,1,3.5,5,4.8,-3,-2,0,0.5
Biden,Reuter,5,3,5,3,2,2,61.218,Republican,1,4,5,10,5,2,4,3,3,-3,-3,0.1,0.4
Biden,Reuter,4,4,4,4,3,3,99.033,Democrat,1,4,5,7,5,1,3,1,1,-1,-1,0,0.5
Biden,Reuter,1,1,1,1,1,1,63.64,Independent,1,3,5,8,5,2,3,5,1,0,0,-0.5,NA
Biden,FOX,5,3,5,3,3,3,83.949,Democrat,1,4,5,5,5,2,3,3,3.6,-2,-2,0.5,1
Biden,FOX,5,3,6,3,6,6,61.049,Democrat,1,5,5,7,5,2,3.5,2,5.4,1,0,0.35,0.85
Ducey,Reuter,2,2,3,2,1,2,65.818,Democrat,2,3,4,5,5,4,3,2,5.4,-1,-1,0,0.5
Ducey,Reuter,1,2,2,2,1,1,93.638,Independent,3,3,3,4,2,3,2.5,3,1,0,-1,0,NA
Biden,MSNBC,6,2,6,2,5,6,83.5,Democrat,2,6,4,2,5,4,3,2,5,-1,0,0.05,0.55
Biden,FOX,2,2,2,3,2,2,66.582,Republican,2,4,5,9,4,3,3.5,4,2,0,0,0,0.5
Biden,MSNBC,4,3,4,3,3,3,61.203,Democrat,2,4,5,8,5,4,3.5,1.5,3.2,-1,-1,0,0.5
Ducey,Reuter,6,1,7,2,5,3,67.22,Independent,1,4,4,9,5,1,5,3,1.6,-1,-4,-0.3,NA
Ducey,Reuter,5,2,5,2,6,6,63.654,Republican,1,7,5,5,5,1,4,2.5,1,1,1,-0.4,0.9
Biden,Reuter,4,2,4,2,2,2,81.016,Republican,2,5,5,9,5,3,2.5,4,2,-2,-2,0,0.5
Biden,FOX,5,2,5,2,1,1,61.372,Republican,2,6,4,11,5,2,4.5,4,2,-4,-4,0,0.5
Ducey,MSNBC,1,1,1,1,1,1,77.726,Democrat,2,4,5,4,5,3,3,5,4.8,0,0,0.5,1
Ducey,MSNBC,5,2,5,2,2,3,65.175,Republican,2,5,5,4,5,2,3.5,4,3.6,-3,-2,0,0.5
Ducey,FOX,2,4,3,4,2,2,144.386,Democrat,2,4,4,8,5,1,3,4,5.2,0,-1,0.25,0.75
Ducey,FOX,2,2,3,2,1,1,61.369,Democrat,2,6,3,2,5,3,3,2.5,5,-1,-2,0,0.5
Biden,MSNBC,5,3,6,3,3,2,61.236,Democrat,1,4,3,3,5,3,4,2,2.2,-2,-4,0,0.5
Ducey,FOX,7,1,6,1,7,6,98.439,Republican,1,5,6,11,5,3,5,5,1.2,0,0,-0.5,1
Ducey,MSNBC,5,2,5,2,4,3,77.708,Republican,1,6,5,5,5,3,3.5,4,2,-1,-2,-0.2,0.7
Ducey,Reuter,2,1,3,3,2,2,172.524,Democrat,2,5,3,1,5,3,3.5,2.5,5,0,-1,-0.1,0.4
Ducey,MSNBC,2,2,2,2,1,1,73.625,Democrat,2,5,5,7,5,3,2,3,4.4,-1,-1,-0.05,0.45
Biden,Reuter,1,1,1,1,1,1,61.083,Republican,1,4,5,7,5,2,4.5,4.5,1.4,0,0,-0.1,0.6
Ducey,MSNBC,5,3,5,2,2,2,72.435,Independent,1,5,6,4,5,5,3,2,4.4,-3,-3,0,NA
Ducey,FOX,7,1,6,1,3,3,63.736,Republican,2,7,3,6,5,3,3.5,4.5,1.6,-4,-3,0,0.5
Biden,Reuter,1,1,1,1,1,1,167.653,Independent,2,7,7,2,5,3,3,5,1.2,0,0,-0.1,NA
Biden,FOX,1,1,1,1,1,1,61.541,Republican,2,3,3,9,5,3,4.5,5,1,0,0,0,0.5
Ducey,Reuter,2,1,2,1,2,2,62.813,Democrat,2,6,6,6,5,4,2,1.5,5.2,0,0,0,0.5
Biden,FOX,2,1,2,1,1,1,64.312,Independent,2,6,2,6,4,3,3.5,4,1.4,-1,-1,0,NA
Biden,MSNBC,1,1,1,1,1,1,67.024,Independent,1,5,6,11,5,2,3.5,3.5,1,0,0,-0.2,NA
Ducey,FOX,2,2,5,2,1,1,68.558,Independent,2,5,5,6,5,3,3,2,6,-1,-4,0,NA
Biden,MSNBC,3,2,3,2,2,2,92.164,Republican,2,4,5,12,5,2,4,3,2.4,-1,-1,0,0.5
Biden,MSNBC,6,2,6,2,3,3,103.273,Independent,2,4,5,7,5,2,3.5,2.5,2.6,-3,-3,-0.1,NA
Biden,MSNBC,2,2,2,2,1,3,165.266,Republican,2,5,5,10,5,1,3.5,4,1.6,-1,1,-0.2,0.7
Biden,FOX,6,2,6,2,4,4,70.57,Independent,1,4,3,7,4,1,2.5,3.5,1.8,-2,-2,0,NA
Ducey,MSNBC,1,1,2,1,1,2,75.467,Independent,1,6,5,11,5,2,2.5,5,3.6,0,0,0.1,NA
Biden,FOX,3,4,4,3,1,1,71.178,Republican,2,4,5,11,5,3,3.5,1,1,-2,-3,0.3,0.19999999999999996
Ducey,MSNBC,2,2,3,1,1,1,70.843,Independent,1,3,5,4,5,3,3,2,2.6,-1,-2,0,NA
Biden,Reuter,5,3,5,2,3,2,185.888,Democrat,2,4,6,7,5,1,3,3.5,5,-2,-3,0.15,0.65
Biden,Reuter,5,3,6,2,4,4,65.821,Independent,2,4,6,7,5,3,2,2,2.8,-1,-2,0,NA
Biden,Reuter,5,4,6,4,1,1,301.664,Democrat,2,3,4,2,5,3,5,3,3.2,-4,-5,0,0.5
Ducey,MSNBC,1,3,1,3,1,1,106.192,Democrat,2,6,4,3,5,3,3,3,4.2,0,0,0,0.5
Biden,FOX,5,2,5,2,6,5,64.913,Democrat,2,4,6,12,2,4,4,2.5,5.2,1,0,0.2,0.7
Ducey,FOX,1,1,1,2,1,2,106.265,Democrat,1,4,5,8,3,3,2,1,1.8,0,1,-0.05,0.45
Ducey,FOX,2,3,4,3,2,2,78.057,Democrat,2,6,2,7,3,2,2.5,2,3.6,0,-2,-0.1,0.4
Ducey,MSNBC,2,2,3,2,1,2,69.513,Democrat,1,4,6,10,5,2,2.5,2,3.2,-1,-1,-0.25,0.25
Ducey,Reuter,2,2,2,2,2,2,68.738,Democrat,2,5,5,12,5,2,3,2.5,5,0,0,0,0.5
Biden,Reuter,6,2,6,2,2,2,469.461,Democrat,2,3,2,5,3,4,4,3,4.4,-4,-4,0,0.5
Ducey,Reuter,7,1,6,2,3,5,63.748,Republican,2,8,3,4,5,4,3,5,1.4,-4,-1,-0.5,1
Biden,MSNBC,5,3,5,3,3,3,105.147,Democrat,2,4,5,3,5,2,3,2.5,3.8,-2,-2,0,0.5
Ducey,FOX,5,2,5,2,5,5,130.708,Independent,2,5,6,7,5,4,2.5,4.5,1.4,0,0,-0.1,NA
Biden,FOX,5,2,5,2,3,3,61.885,Democrat,1,4,1,2,5,3,3,3,1.4,-2,-2,0,0.5
Ducey,MSNBC,7,1,6,2,6,6,61.401,Republican,1,6,3,3,5,2,3,4,1,-1,0,-0.5,1
Biden,FOX,6,2,6,2,5,5,87.358,Democrat,2,3,5,4,3,2,1,1.5,5.4,-1,-1,0.25,0.75
Biden,Reuter,4,1,5,4,5,5,82.384,Democrat,1,7,5,2,5,2,4,2,3.4,1,0,0,0.5
Biden,Reuter,6,2,6,2,6,6,63.225,Democrat,2,4,6,2,4,4,2.5,4,6,0,0,0.3,0.8
Ducey,FOX,4,1,3,3,3,3,73.171,Independent,2,4,4,7,4,3,2.5,2,3.4,-1,0,0,NA
Biden,FOX,5,4,5,3,2,1,67.32,Independent,1,5,3,5,5,1,3.5,2.5,4.8,-3,-4,0,NA
Ducey,Reuter,4,1,6,2,6,6,129.474,Democrat,2,4,5,11,4,3,3.5,3,5.8,2,0,-0.5,0
Ducey,FOX,2,2,2,2,2,3,79.13,Democrat,1,5,6,11,5,3,3,3,5,0,1,0,0.5
Biden,Reuter,4,1,4,1,3,3,64.536,Republican,1,4,5,6,5,0,4,5,1.2,-1,-1,0,0.5
Biden,Reuter,6,1,6,2,3,3,106.975,Independent,2,4,5,8,5,1,2,3,5,-3,-3,0,NA
Biden,MSNBC,4,3,5,3,3,4,63.007,Democrat,1,3,3,3,5,2,2.5,2,3.6,-1,-1,0.1,0.6
Biden,MSNBC,4,1,4,4,3,3,61.851,Independent,1,8,6,2,4,3,3,1,3,-1,-1,0,NA
Biden,Reuter,3,2,3,2,3,3,100.516,Independent,2,7,6,3,4,2,2.5,3,3.6,0,0,0,NA
Ducey,FOX,6,2,6,2,6,3,74.199,Independent,1,5,5,12,5,4,4,3,1.8,0,-3,-0.15,NA
Ducey,FOX,5,1,5,1,3,3,63.874,Democrat,1,4,2,4,5,2,3,4,5,-2,-2,-0.2,0.3
Biden,MSNBC,4,2,4,2,2,2,231.325,Independent,1,3,5,7,5,1,5,5,1,-2,-2,0,NA
Ducey,MSNBC,2,2,4,2,2,2,81.756,Democrat,1,3,5,4,5,3,3,3,6.2,0,-2,0,0.5
Ducey,Reuter,5,3,5,4,2,2,128.49,Independent,2,3,3,8,4,2,3.5,2,1.6,-3,-3,-0.1,NA
Biden,MSNBC,2,2,2,2,2,2,61.364,Republican,2,4,5,11,5,3,3.5,4,2.6,0,0,0,0.5
Ducey,FOX,5,2,5,2,6,6,93.199,Republican,2,4,6,3,5,1,3.5,4,3.4,1,1,-0.2,0.7
Ducey,MSNBC,1,1,1,1,2,2,71.103,Independent,1,6,3,1,2,5,3.5,1.5,1.4,1,1,0.5,NA
Ducey,MSNBC,1,1,1,1,1,1,69.116,Democrat,1,7,5,3,5,3,3,5,5,0,0,0,0.5
Ducey,Reuter,4,1,4,3,3,3,84.447,Independent,2,5,6,12,4,3,3,3,3.4,-1,-1,-0.5,NA
Biden,FOX,6,1,6,1,4,5,162.368,Democrat,2,3,5,6,2,2,2.5,4,5.2,-2,-1,0.3,0.8
Ducey,FOX,7,1,6,3,7,6,131.815,Republican,2,5,5,3,5,2,4.5,4.5,1,0,0,-0.3,0.8
Ducey,Reuter,1,1,1,1,1,1,104.727,Democrat,2,6,6,2,5,3,3,4.5,3.4,0,0,0,0.5
Biden,MSNBC,5,3,5,3,3,5,73.081,Democrat,1,4,5,4,5,1,3,2,4.4,-2,0,0,0.5
Ducey,MSNBC,5,3,4,3,2,2,127.551,Republican,2,3,5,7,5,3,4.5,2.5,2.8,-3,-2,-0.1,0.6
Ducey,Reuter,1,1,1,1,1,1,84.962,Democrat,2,6,3,11,5,2,3.5,3.5,4.2,0,0,0,0.5
Biden,MSNBC,4,3,4,3,2,3,223.361,Democrat,2,2,5,3,5,2,3.5,2,2.4,-2,-1,0.15,0.65
Ducey,MSNBC,7,1,6,2,3,3,65.096,Republican,1,3,4,5,5,2,3.5,3,1,-4,-3,0,0.5
Biden,FOX,5,3,6,2,4,5,66.22,Democrat,1,4,5,2,5,3,3,1,6.8,-1,-1,0.3,0.8
Biden,Reuter,4,4,4,4,2,2,79.633,Democrat,1,3,4,1,5,3,3,1.5,4,-2,-2,0,0.5
Biden,MSNBC,5,3,5,3,3,3,65.693,Democrat,2,4,5,8,5,2,3,2.5,5,-2,-2,0,0.5
Ducey,Reuter,7,1,6,2,6,6,79.032,Republican,2,5,6,12,4,1,3,4,1.8,-1,0,-0.2,0.7
Biden,FOX,4,2,4,2,4,4,87.1,Democrat,1,4,5,12,5,1,1,4,3.2,0,0,0.5,1
Ducey,Reuter,6,2,6,2,6,6,92.988,Republican,1,3,5,11,3,3,2,4.5,4.2,0,0,0.35,0.15000000000000002
Ducey,FOX,1,2,2,2,1,1,80.806,Democrat,1,5,2,3,5,3,3,2,5.8,0,-1,0,0.5
Biden,Reuter,5,3,5,3,5,5,336.689,Democrat,2,3,3,11,4,3,1,2.5,2.6,0,0,-0.1,0.4
Ducey,MSNBC,1,1,2,1,1,2,63.298,Democrat,2,3,6,4,5,5,2.5,4,3.4,0,0,-0.1,0.4
Biden,MSNBC,4,1,4,1,1,2,78.947,Republican,2,6,4,3,5,3,3.5,4,1.2,-3,-2,0,0.5
Ducey,Reuter,3,3,3,3,1,1,61.34,Democrat,1,5,5,7,5,3,2.5,2,5,-2,-2,0,0.5
Biden,Reuter,4,2,3,2,4,3,63.526,Republican,2,5,6,9,5,2,3.5,4,4.4,0,0,0,0.5
Biden,Reuter,5,2,6,2,2,2,88.373,Democrat,2,5,6,9,5,3,3.5,2.5,5.8,-3,-4,0,0.5
Ducey,MSNBC,1,1,1,1,1,1,73.272,Democrat,1,7,3,6,5,4,3,3,6,0,0,0,0.5
Ducey,MSNBC,3,3,3,3,2,1,111.697,Democrat,2,5,6,2,5,3,3.5,1.5,2.6,-1,-2,-0.05,0.45
Biden,FOX,1,1,1,1,1,1,61.243,Independent,1,4,4,8,5,3,4,4,1,0,0,-0.5,NA
Ducey,Reuter,4,3,5,2,3,3,62.44,Independent,2,3,4,2,4,2,3,1,1.8,-1,-2,-0.1,NA
Biden,FOX,4,2,2,1,3,2,254.515,Republican,1,4,5,4,5,3,3,4.5,2.4,-1,0,0,0.5
Ducey,Reuter,1,1,1,1,1,1,67.992,Democrat,2,6,5,9,5,2,1.5,4,3.6,0,0,0,0.5
Biden,FOX,1,1,1,1,1,1,62.932,Republican,1,3,3,6,5,2,5,5,1,0,0,0.1,0.4
Ducey,MSNBC,4,3,4,4,3,3,61.334,Independent,1,4,3,2,5,3,2.5,2.5,3.4,-1,-1,0,NA
Biden,FOX,5,2,6,1,6,5,72.319,Independent,2,5,5,3,5,2,4.5,3,4,1,-1,0.35,NA
Ducey,FOX,2,2,2,2,2,2,119.53,Republican,2,7,6,11,5,1,3,2,2,0,0,0,0.5
Ducey,FOX,2,2,3,2,5,6,336.376,Democrat,2,3,6,6,5,3,4,3,5.4,3,3,0.1,0.6
Biden,Reuter,6,1,7,1,6,6,104.594,Democrat,2,5,6,12,5,2,3,3,5.6,0,-1,0.2,0.7
Biden,MSNBC,2,1,3,2,2,2,61.551,Republican,2,4,3,9,5,2,4,5,1.8,0,-1,0,0.5
Biden,MSNBC,4,4,4,4,4,4,84.006,Independent,2,6,3,6,3,3,3,1.5,1.8,0,0,0,NA
Biden,MSNBC,5,3,6,2,2,2,73.095,Democrat,1,4,5,11,5,2,3.5,1.5,5.4,-3,-4,0,0.5
Ducey,FOX,3,2,3,2,2,3,70.31,Democrat,2,4,5,12,5,4,3.5,2,6,-1,0,0,0.5
Ducey,Reuter,3,2,5,3,2,1,61.359,Democrat,1,3,5,8,4,2,2,2,5.4,-1,-4,0.3,0.8
Biden,FOX,7,2,6,2,7,6,92.801,Democrat,2,3,5,9,5,2,3.5,1.5,3.2,0,0,0.5,1
Biden,FOX,7,2,6,2,7,6,61.631,Democrat,1,4,5,8,5,2,1,1.5,4.4,0,0,0.2,0.7
Ducey,FOX,2,2,2,2,1,2,72.246,Independent,1,5,5,4,5,2,3,2.5,1.8,-1,0,-0.1,NA
Biden,MSNBC,7,1,7,1,4,3,64.131,Democrat,1,3,5,5,4,1,3,5,5,-3,-4,0,0.5
Ducey,MSNBC,3,2,3,2,2,2,79.366,Democrat,2,7,6,7,5,3,3.5,3,3,-1,-1,-0.15,0.35
Biden,FOX,4,3,5,3,2,2,61.426,Republican,2,3,4,8,4,1,4.5,2,2.4,-2,-3,0.1,0.4
Biden,Reuter,5,3,5,3,3,3,122.992,Democrat,1,3,4,6,5,3,3.5,1,2,-2,-2,0,0.5
Biden,Reuter,4,2,4,2,2,3,85.858,Independent,1,6,2,5,5,3,3.5,1,3,-2,-1,0,NA
Ducey,Reuter,1,1,1,1,1,1,180.841,Democrat,1,4,2,3,3,2,3.5,2.5,4.8,0,0,0,0.5
Ducey,FOX,4,4,4,4,4,2,87.983,Republican,2,4,5,12,5,3,3.5,2,2.6,0,-2,-0.2,0.7
Ducey,FOX,1,1,1,1,1,1,76.74,Democrat,1,4,6,11,5,3,3,2,5,0,0,0.25,0.75
Ducey,Reuter,5,2,5,2,5,5,82.671,Republican,1,4,6,12,5,2,3,4.5,1,0,0,-0.3,0.8
Biden,Reuter,4,1,4,1,3,3,62.721,Independent,1,5,5,11,5,2,3,2,2.2,-1,-1,0.2,NA
Ducey,Reuter,5,2,4,2,3,3,92.417,Republican,2,4,3,8,5,2,3.5,2.5,4.6,-2,-1,0.35,0.15000000000000002
Biden,MSNBC,4,4,6,2,4,3,79.476,Democrat,2,5,2,8,5,3,3,1,4.2,0,-3,0.3,0.8
Biden,Reuter,6,2,5,2,3,3,63.742,Democrat,1,7,5,5,4,4,3.5,3,4.8,-3,-2,0,0.5
Ducey,Reuter,3,3,3,3,2,2,67.03,Democrat,1,4,5,11,5,3,3,2.5,5,-1,-1,0,0.5
Ducey,MSNBC,6,2,6,2,4,2,210.393,Republican,2,6,6,12,5,2,1,5,1.8,-2,-4,0.4,0.09999999999999998
Ducey,FOX,2,2,2,2,1,2,138.946,Democrat,2,6,5,10,5,3,4,3,2.6,-1,0,-0.05,0.45
Ducey,MSNBC,1,1,1,1,1,1,61.947,Democrat,2,3,5,11,5,4,3,4,4.8,0,0,0,0.5
Ducey,MSNBC,6,1,6,1,6,6,70.654,Republican,1,4,5,10,5,2,3,4,1.6,0,0,-0.3,0.8
Ducey,MSNBC,5,2,5,3,1,2,83.932,Democrat,2,6,4,8,5,2,3.5,1.5,3.6,-4,-3,-0.05,0.45
Ducey,MSNBC,2,2,2,2,2,2,108.781,Independent,1,6,6,10,5,2,3,1.5,1.8,0,0,0,NA
Biden,FOX,6,2,5,2,6,6,98.625,Democrat,2,4,5,12,5,4,1.5,4,5.8,0,1,0.4,0.9
Biden,MSNBC,2,4,3,4,2,2,68.121,Democrat,2,4,3,6,4,4,3,2,1,0,-1,0.25,0.75
Biden,FOX,6,1,7,1,6,5,61.534,Democrat,2,2,2,1,3,2,2,4,6,0,-2,0.5,1
Biden,MSNBC,1,2,1,2,1,1,239.443,Republican,1,5,4,6,5,2,3,5,3,0,0,0,0.5
Biden,Reuter,6,3,5,3,3,3,68.486,Republican,2,5,5,6,4,2,4,5,2,-3,-2,0.3,0.19999999999999996
Biden,Reuter,1,1,1,1,1,1,71.945,Democrat,1,5,3,6,4,2,4,5,1,0,0,-0.5,0
Biden,FOX,5,3,6,2,4,4,95.645,Democrat,2,4,6,11,5,1,3,1,4,-1,-2,0.2,0.7
Biden,FOX,1,1,4,2,3,2,61.479,Republican,1,3,6,5,5,2,3.5,2,1,2,-2,0.25,0.25
Ducey,FOX,1,1,2,4,1,1,61.815,Democrat,2,3,5,6,5,2,3.5,4,3.2,0,-1,0,0.5
Ducey,FOX,5,2,6,2,4,5,61.171,Republican,1,5,5,7,5,1,3.5,4,2,-1,-1,-0.05,0.55
Ducey,Reuter,6,1,5,1,7,7,64.165,Democrat,1,4,6,4,3,1,1,4,6.4,1,2,-0.5,0
Ducey,FOX,5,2,5,2,6,6,68.164,Democrat,2,5,5,4,3,2,1,4,6.2,1,1,-0.5,0
Biden,Reuter,5,2,5,2,6,6,71.279,Democrat,2,4,5,4,3,2,1,4,6.2,1,1,-0.5,0
Ducey,FOX,4,3,3,2,3,5,62.305,Independent,2,3,3,5,4,3,4,3.5,1.6,-1,2,-0.2,NA
Ducey,Reuter,7,1,6,2,6,5,161.842,Independent,2,5,6,3,5,2,3,3,1.2,-1,-1,-0.2,NA
Biden,MSNBC,5,3,4,3,3,3,112.37,Independent,1,8,5,3,5,2,4,1,3,-2,-1,0,NA
Biden,MSNBC,4,3,4,3,4,4,69.747,Democrat,1,3,5,4,5,4,2.5,3,3.8,0,0,-0.1,0.4
Ducey,Reuter,7,1,5,4,2,5,124.726,Republican,2,5,5,11,5,3,1.5,1.5,3,-5,0,0,0.5
Ducey,FOX,1,1,1,1,1,1,101.832,Independent,1,4,5,4,5,3,3,2,2.4,0,0,0,NA
Biden,Reuter,1,1,1,1,6,1,106.472,Republican,1,6,2,3,5,2,5,4.5,1,5,0,0,0.5
Ducey,MSNBC,1,1,1,1,1,1,61.474,Democrat,1,4,3,4,5,2,3,3,2,0,0,-0.1,0.4
Biden,MSNBC,6,3,5,3,3,3,117.951,Independent,1,5,6,1,5,2,2.5,5,2.2,-3,-2,0,NA
Biden,FOX,6,2,6,2,6,5,295.738,Independent,2,6,3,4,5,3,3,4,6,0,-1,0.05,NA
Ducey,Reuter,5,3,5,2,5,4,189.085,Independent,2,6,4,5,5,2,2.5,4,1.4,0,-1,-0.2,NA
Ducey,MSNBC,1,2,2,2,1,1,62.182,Democrat,1,3,6,8,5,4,4.5,2,5.8,0,-1,-0.25,0.25
Biden,Reuter,5,3,5,3,3,3,64.23,Independent,1,3,3,7,5,5,3,1.5,2.4,-2,-2,0,NA
Ducey,MSNBC,3,2,3,2,6,6,66.524,Republican,2,6,3,4,2,2,4,3.5,3,3,3,0.05,0.44999999999999996
Biden,FOX,6,3,6,2,6,6,73.08,Democrat,2,3,5,6,4,3,3.5,3,5.4,0,0,0.4,0.9
Ducey,Reuter,5,3,5,2,5,5,149.057,Democrat,2,6,6,12,5,4,3.5,3,5.4,0,0,0,0.5
Ducey,FOX,2,2,4,2,1,1,264.387,Democrat,1,5,6,11,5,3,3.5,2,5.2,-1,-3,0,0.5
Biden,Reuter,6,1,6,1,3,3,62.957,Democrat,1,5,6,12,5,1,2,2,6,-3,-3,0,0.5
Biden,FOX,6,2,5,2,4,4,61.724,Independent,2,2,6,10,3,2,3,3,1,-2,-1,0.1,NA
Biden,Reuter,5,3,3,2,1,2,63.537,Democrat,1,5,5,9,5,3,4,3,1.6,-4,-1,0,0.5
Ducey,Reuter,1,1,1,1,1,1,87.92,Democrat,2,6,5,10,5,3,3.5,2,5.8,0,0,-0.25,0.25
Biden,MSNBC,3,4,3,4,2,2,63.91,Republican,2,6,5,6,4,2,3,1,5,-1,-1,0,0.5
Biden,FOX,7,1,7,1,3,3,73.244,Democrat,2,5,4,3,5,3,3,3,2.8,-4,-4,0,0.5
Ducey,MSNBC,4,4,4,4,1,1,61.909,Independent,1,3,4,11,5,5,4,2,4,-3,-3,0,NA
Ducey,MSNBC,4,1,4,1,3,3,158.206,Independent,1,3,5,11,2,1,3,1,2,-1,-1,0,NA
Biden,MSNBC,6,1,6,1,6,6,120.047,Independent,1,7,6,6,5,2,3,2.5,1.6,0,0,-0.1,NA
Biden,FOX,1,1,1,1,1,1,65.892,Republican,1,6,5,1,5,3,4,1,1,0,0,0,0.5
Ducey,Reuter,3,3,3,3,1,1,65.728,Republican,1,4,6,11,5,2,4,2,4.2,-2,-2,0,0.5
Biden,Reuter,6,2,6,2,2,3,70.648,Republican,2,4,4,8,4,1,2.5,3,4.8,-4,-3,0,0.5
Biden,Reuter,5,2,4,2,3,3,75.922,Independent,2,6,4,4,5,5,3.5,3,4.2,-2,-1,0,NA
Ducey,FOX,6,2,6,2,5,4,72.306,Republican,1,7,3,4,5,3,3.5,4,1.8,-1,-2,-0.5,1
Ducey,MSNBC,3,2,3,2,4,3,67.081,Republican,1,2,6,7,5,3,3,3,5,1,0,0,0.5
Biden,MSNBC,1,1,1,1,1,1,61.506,Republican,1,4,4,11,5,2,5,3.5,1,0,0,-0.15,0.65
Biden,Reuter,5,2,5,2,1,1,63.267,Republican,1,4,6,5,3,3,1.5,2.5,5.4,-4,-4,0.1,0.4
Ducey,MSNBC,3,4,3,2,2,3,110.702,Republican,1,4,2,4,5,3,3,2.5,2.2,-1,0,-0.3,0.8
Ducey,FOX,1,1,1,2,1,1,79.242,Independent,2,4,5,11,3,1,3,3,2.2,0,0,0.1,NA
Ducey,FOX,7,1,7,1,7,7,81.514,Republican,2,5,4,4,5,3,2,5,2,0,0,-0.5,1
Ducey,Reuter,1,1,1,1,1,1,159.074,Independent,2,5,5,7,5,3,3.5,4,3,0,0,0,NA
Biden,MSNBC,1,1,1,1,1,1,63.614,Republican,2,4,5,8,5,3,3,3.5,1,0,0,-0.1,0.6
Ducey,Reuter,6,1,6,1,6,6,70.401,Republican,1,5,5,11,5,2,3,5,1.2,0,0,-0.3,0.8
Biden,FOX,2,2,2,2,2,2,72.264,Republican,2,5,4,7,5,2,3,4,1.8,0,0,0,0.5
Biden,MSNBC,1,1,1,1,1,1,116.706,Republican,2,6,6,5,5,3,3,4,1,0,0,0,0.5
Ducey,Reuter,5,3,3,2,2,3,149.872,Republican,1,5,5,4,4,2,2.5,3.5,5.6,-3,0,-0.15,0.65
Biden,FOX,6,1,6,1,5,5,231.81,Independent,1,6,5,8,5,2,3,2,4.4,-1,-1,0.3,NA
Biden,Reuter,2,2,2,2,3,2,70.549,Republican,2,4,5,10,4,2,3.5,3.5,1.8,1,0,-0.1,0.6
Biden,MSNBC,4,3,3,4,2,2,61.521,Independent,1,3,5,9,4,2,3.5,2.5,2.8,-2,-1,-0.25,NA
Biden,FOX,4,4,4,3,3,2,86.76,Republican,2,4,5,7,4,3,3.5,3,3.2,-1,-2,0.15,0.35
Biden,FOX,4,2,4,2,4,4,98.8,Independent,1,3,3,6,5,2,4,2,1,0,0,0.1,NA
Ducey,MSNBC,4,2,5,2,2,2,61.948,Republican,1,3,2,2,5,1,3,4,1.4,-2,-3,-0.2,0.7
Biden,MSNBC,2,3,2,2,1,2,62.568,Independent,1,7,5,3,5,3,3,4,1.6,-1,0,0,NA
Ducey,FOX,7,2,6,2,4,4,64.375,Republican,2,7,3,10,5,3,4,4,2,-3,-2,-0.4,0.9
Biden,MSNBC,3,2,2,2,3,3,65.175,Republican,1,5,5,11,5,3,4,3,2.4,0,1,0,0.5
Biden,FOX,1,1,3,1,2,2,72.197,Republican,3,3,3,10,5,1,3,5,1.8,1,-1,0,0.5
Ducey,MSNBC,4,3,3,2,2,2,77.617,Independent,2,4,5,10,5,3,3,1.5,2.8,-2,-1,-0.05,NA
Biden,Reuter,4,3,3,2,3,3,80.88,Republican,1,4,6,11,5,3,3,2.5,1,-1,0,-0.15,0.65
Ducey,MSNBC,6,2,6,1,5,5,78.843,Republican,1,7,6,7,5,5,3,5,2.6,-1,-1,-0.4,0.9
Ducey,FOX,6,2,5,2,3,3,61.268,Republican,2,3,5,5,5,4,5,4,2.2,-3,-2,0,0.5
Biden,Reuter,1,1,1,1,1,1,80.13,Independent,1,6,6,11,5,2,3,5,1,0,0,0,NA
Ducey,Reuter,1,1,2,2,1,1,92.506,Independent,1,6,5,5,5,3,4,2.5,4.4,0,-1,0,NA
Ducey,Reuter,6,1,6,2,5,5,72.255,Republican,2,4,2,11,5,2,4,4,4.8,-1,-1,-0.4,0.9
Ducey,FOX,6,2,6,2,5,3,62.352,Independent,1,4,5,6,5,3,2,4.5,1,-1,-3,0,NA
Ducey,Reuter,3,4,3,4,1,1,77.33,Republican,1,4,5,11,5,2,3,1,2.4,-2,-2,0,0.5
Biden,Reuter,1,1,1,1,1,1,91.772,Republican,1,5,6,7,5,2,3.5,5,2,0,0,0,0.5
Ducey,MSNBC,7,1,6,2,5,4,77.258,Republican,2,5,4,11,5,3,3,5,1,-2,-2,0.2,0.30000000000000004
Biden,MSNBC,6,2,5,2,3,3,66.762,Republican,2,4,5,6,4,2,3,2,3,-3,-2,-0.15,0.65
Ducey,FOX,3,2,2,2,3,4,93.465,Republican,2,5,3,6,5,2,4,5,1.4,0,2,0,0.5
Biden,MSNBC,5,3,5,2,4,4,72.543,Independent,2,5,3,4,5,3,4,1.5,3.4,-1,-1,0,NA
Biden,FOX,2,2,3,2,3,3,126.4,Republican,2,6,4,7,5,3,4.5,3,3,1,0,0.1,0.4
Ducey,Reuter,6,2,6,2,6,7,199.489,Republican,2,6,4,3,5,3,2,3,2,0,1,-0.5,1
Biden,FOX,2,2,2,2,2,2,97.691,Republican,1,7,5,6,4,1,3,5,2.4,0,0,-0.2,0.7
Ducey,MSNBC,5,1,5,2,5,5,103.757,Republican,1,3,4,7,2,3,2.5,3,2,0,0,-0.1,0.6
Biden,Reuter,4,1,3,2,3,3,84.387,Independent,1,7,4,5,5,3,4,4,2.4,-1,0,0.05,NA
Ducey,MSNBC,7,1,5,1,5,5,94.296,Independent,1,4,5,7,5,1,3,4.5,1,-2,0,-0.45,NA
Biden,MSNBC,1,2,1,2,1,1,230.411,Republican,1,3,5,11,5,4,4.5,2.5,1,0,0,-0.1,0.6
Biden,Reuter,2,2,2,2,1,1,103.363,Republican,1,4,5,7,5,1,2.5,2,2.6,-1,-1,0,0.5
Ducey,FOX,4,3,5,3,4,5,70.709,Republican,2,4,3,3,5,1,3,1,3.4,0,0,-0.15,0.65
Ducey,FOX,5,2,6,2,3,2,61.382,Independent,1,5,5,11,5,4,4,3.5,3.8,-2,-4,0.05,NA
Ducey,Reuter,4,4,4,4,1,1,94.108,Independent,1,3,2,5,5,2,3,1.5,2.6,-3,-3,0,NA
Biden,Reuter,2,2,2,2,2,1,63.944,Republican,2,6,5,10,5,3,3,2,2,0,-1,0,0.5
Biden,MSNBC,1,1,1,1,1,1,64.621,Republican,2,3,4,8,5,3,4,5,1.6,0,0,0,0.5
Ducey,MSNBC,7,1,7,1,7,7,68.102,Republican,2,5,3,2,5,2,3,5,1,0,0,-0.5,1
Ducey,FOX,6,2,5,2,3,3,71.947,Republican,2,7,7,8,5,3,3.5,4,1,-3,-2,0.05,0.44999999999999996
Biden,FOX,5,2,5,2,5,3,61.896,Republican,1,4,3,6,4,2,3,5,1.2,0,-2,0.1,0.4
Biden,MSNBC,4,1,4,3,4,4,522.358,Independent,2,4,2,3,1,1,3,3.5,4,0,0,0,NA
Ducey,Reuter,7,1,7,1,7,7,69.016,Republican,2,4,5,10,5,2,4,4,1,0,0,-0.5,1
Ducey,Reuter,6,1,6,1,6,7,75.26,Independent,1,3,2,5,5,3,3,4,1,0,1,-0.2,NA
Biden,Reuter,4,2,3,2,2,2,70.517,Republican,2,4,5,11,5,3,3.5,2,3.2,-2,-1,0,0.5
Ducey,MSNBC,7,1,7,1,7,7,61.545,Republican,1,5,5,4,5,2,3.5,5,1,0,0,-0.5,1
Ducey,FOX,4,2,6,2,4,4,85.759,Independent,2,6,6,3,5,2,3,3,1.8,0,-2,-0.1,NA
Biden,FOX,7,1,6,1,6,6,75.726,Republican,1,3,5,6,4,2,2,3.5,5.8,-1,0,0.3,0.19999999999999996
Biden,MSNBC,2,2,2,1,2,3,67.155,Republican,1,6,6,10,5,2,3,4,2.4,0,1,0,0.5
Ducey,FOX,7,2,6,3,6,5,61.331,Republican,1,4,5,6,5,3,3,3.5,2.2,-1,-1,0.15,0.35
Ducey,Reuter,4,1,4,4,3,3,70.6,Republican,1,4,5,6,5,2,3,5,1,-1,-1,-0.5,1
Ducey,FOX,4,3,4,3,4,4,61.974,Republican,2,6,6,2,5,3,3,5,1.6,0,0,0.25,0.25
Biden,Reuter,6,2,6,2,5,5,76.657,Independent,1,3,6,10,4,3,1.5,2,7,-1,-1,0,NA
Biden,FOX,2,2,2,1,1,2,61.39,Republican,2,6,2,6,5,3,4,4.5,2,-1,0,0,0.5
Biden,MSNBC,1,1,1,1,1,1,72.733,Republican,1,4,6,11,5,3,5,5,2,0,0,-0.15,0.65
Biden,Reuter,1,1,1,1,1,1,61.821,Republican,2,5,4,12,5,3,3,5,1,0,0,-0.5,1
Biden,Reuter,5,3,3,2,3,3,72.769,Independent,2,6,5,5,5,3,4,2,4.2,-2,0,0,NA
Biden,FOX,5,3,6,1,6,6,65.654,Independent,2,3,5,2,5,3,3,3,3.2,1,0,0.5,NA
Ducey,Reuter,7,2,7,1,7,7,85.589,Republican,1,6,4,8,5,2,4,4,1,0,0,-0.5,1
Ducey,FOX,7,1,7,1,6,6,61.556,Independent,2,6,5,10,4,3,2,4,3.2,-1,-1,0,NA
Ducey,Reuter,2,1,2,2,2,2,61.673,Independent,2,5,4,8,4,3,4,1,2,0,0,-0.1,NA
Ducey,MSNBC,5,2,5,2,4,4,72.768,Republican,1,6,5,8,5,5,3,3.5,2,-1,-1,-0.4,0.9
Ducey,FOX,7,3,5,2,4,3,149.788,Republican,2,7,5,10,5,2,3.5,5,2.8,-3,-2,-0.2,0.7
Biden,MSNBC,5,2,6,2,5,4,65.78,Independent,1,4,4,6,5,3,4,3.5,5,0,-2,0,NA
Ducey,Reuter,6,2,6,3,3,3,193.57,Republican,2,6,2,8,4,2,3.5,2,1,-3,-3,-0.3,0.8
Biden,MSNBC,1,1,1,1,1,1,98.866,Republican,2,5,4,9,5,3,4,4,1.2,0,0,0.2,0.30000000000000004
Biden,FOX,5,2,5,2,3,3,127.429,Republican,2,4,3,11,3,2,3.5,1,1,-2,-2,0.1,0.4
Ducey,MSNBC,1,3,1,2,1,1,133.644,Independent,2,5,3,7,5,3,3.5,1.5,2,0,0,-0.1,NA
Biden,Reuter,5,3,3,2,2,2,83.4,Republican,2,4,6,6,4,3,3.5,5,1.2,-3,-1,0,0.5
Ducey,MSNBC,7,1,7,1,7,2,69.601,Republican,2,5,4,7,4,3,3,1.5,1.2,0,-5,-0.5,1
Biden,Reuter,1,1,1,1,1,1,61.944,Independent,2,4,4,7,3,2,2.5,4,2.6,0,0,0,NA
Biden,MSNBC,2,2,3,2,2,2,106.795,Republican,2,6,2,11,4,2,2.5,4,3.2,0,-1,-0.3,0.8
Biden,FOX,1,1,2,1,2,2,94.246,Independent,2,4,2,3,5,4,3,3,1.6,1,0,0.1,NA
Biden,MSNBC,5,3,4,2,1,2,96.312,Independent,2,7,5,7,5,3,3.5,4.5,2.8,-4,-2,0.5,NA
Ducey,MSNBC,2,2,3,3,2,3,92.094,Independent,2,5,5,7,4,2,4,2,2,0,0,-0.2,NA
Ducey,Reuter,3,2,3,1,2,2,62.92,Independent,2,5,5,8,4,4,3.5,2.5,3.4,-1,-1,0.15,NA
Ducey,FOX,7,4,7,1,7,7,66.744,Independent,2,4,3,7,5,2,3,3,1,0,0,-0.05,NA
Ducey,Reuter,6,2,7,2,6,5,174.543,Republican,1,7,7,10,5,3,4,4,1,0,-2,-0.2,0.7
Ducey,MSNBC,6,2,6,2,6,6,63.824,Republican,1,5,5,8,4,2,2,3.5,6,0,0,0.35,0.15000000000000002
Biden,Reuter,5,2,5,2,2,2,64.189,Republican,1,4,5,8,5,3,3,2,1.6,-3,-3,0,0.5
Ducey,MSNBC,5,2,6,2,5,5,151.597,Independent,2,6,3,8,5,2,5,5,1,0,-1,-0.3,NA
Ducey,Reuter,4,3,4,3,4,4,63.41,Independent,1,3,5,1,4,2,3,1,1,0,0,-0.5,NA
Biden,Reuter,1,1,1,1,1,2,89.872,Independent,1,7,4,5,5,3,4,2,1.2,0,1,0,NA
Biden,FOX,1,1,1,1,1,1,68.71,Republican,2,6,3,10,5,2,4,5,1,0,0,-0.4,0.9
Ducey,FOX,4,3,5,2,3,3,90.747,Republican,2,5,5,10,5,2,5,5,2.4,-1,-2,-0.4,0.9
Biden,FOX,3,2,3,2,3,3,66.833,Republican,1,6,4,4,5,3,3,2.5,3,0,0,0.1,0.4
Ducey,Reuter,7,1,7,1,7,6,138.099,Republican,2,5,5,9,5,2,3,4.5,2,0,-1,-0.35,0.85
Ducey,FOX,5,4,4,4,5,5,92.372,Independent,1,6,3,4,3,2,3,3,1,0,1,-0.3,NA
Biden,MSNBC,3,2,3,2,2,2,62.8,Republican,2,6,3,5,5,2,4,3,2,-1,-1,0.3,0.19999999999999996
Biden,MSNBC,2,2,1,2,2,2,74.424,Independent,2,7,3,5,5,3,2,3,2.8,0,1,0,NA
Ducey,MSNBC,7,3,5,3,7,7,68.549,Republican,1,3,5,9,5,2,3,1,1,0,2,0,0.5
Biden,Reuter,1,1,1,1,1,1,78.294,Republican,2,4,2,11,5,2,5,5,2.2,0,0,0,0.5
Ducey,FOX,4,1,7,1,7,7,74.822,Republican,2,5,4,4,4,3,3,4,7,3,0,0,0.5
Biden,FOX,5,2,5,2,5,5,104.788,Independent,1,3,5,8,5,4,4.5,2,2.2,0,0,0.2,NA
Biden,Reuter,4,1,5,4,3,3,110.447,Republican,2,3,4,2,3,3,2.5,2,5.6,-1,-2,0,0.5
Ducey,MSNBC,3,2,3,2,2,3,154.746,Republican,2,4,2,7,3,1,3,3.5,3.8,-1,0,0,0.5
Ducey,FOX,4,1,2,2,2,1,226.809,Republican,2,6,4,3,5,3,4,4.5,4,-2,-1,-0.2,0.7
Ducey,Reuter,5,2,5,3,3,3,84.07,Independent,1,4,5,12,4,3,4.5,1.5,3.4,-2,-2,-0.1,NA
Biden,Reuter,4,2,5,2,3,3,61.591,Independent,1,4,5,6,5,2,2.5,3,1.8,-1,-2,0.1,NA
Ducey,Reuter,1,1,1,1,3,2,62.708,Republican,2,4,5,7,4,3,4.5,2.5,5,2,1,0,0.5
Biden,FOX,5,2,5,2,5,4,214.411,Democrat,1,4,4,3,4,2,2.5,2.5,3.2,0,-1,0.25,0.75
Biden,FOX,2,2,2,2,1,1,69.182,Republican,2,5,2,8,5,2,3,3,1,-1,-1,0,0.5
Biden,MSNBC,1,1,1,1,1,1,61.769,Republican,2,4,6,12,5,3,3,5,2.2,0,0,0,0.5
Biden,FOX,4,3,5,3,6,6,61.395,Independent,1,4,5,11,5,3,3.5,4,5,2,1,0.5,NA
Ducey,Reuter,6,1,2,2,6,7,77.719,Republican,1,3,5,9,5,3,4.5,4,1.6,0,5,-0.5,1
Biden,MSNBC,6,3,6,2,3,2,81.207,Republican,1,4,5,12,5,4,3.5,2.5,5.4,-3,-4,-0.05,0.55
Ducey,MSNBC,2,2,2,2,1,1,95.607,Independent,2,5,6,12,5,2,3,3,4.2,-1,-1,0,NA
Biden,Reuter,5,2,5,2,2,2,72.769,Republican,2,7,4,2,4,2,3.5,4,1,-3,-3,0,0.5
Ducey,FOX,6,1,6,2,6,5,112.701,Independent,1,5,5,2,5,3,3,4,2,0,-1,-0.4,NA
Biden,MSNBC,4,3,6,3,3,5,102.569,Independent,2,6,6,11,5,1,3,2,2.6,-1,-1,0.1,NA
Biden,FOX,1,1,1,1,1,1,61.279,Republican,1,5,5,5,5,3,5,5,1,0,0,0,0.5
Ducey,FOX,7,2,6,2,7,6,200.84,Republican,2,7,5,10,5,2,4.5,4,1,0,0,-0.4,0.9
Biden,FOX,4,1,4,1,4,4,60.997,Independent,1,3,2,2,2,4,3,2,2.4,0,0,0,NA
Ducey,Reuter,7,1,7,1,7,7,63.692,Independent,1,4,5,10,5,3,4,5,1,0,0,-0.5,NA
Ducey,MSNBC,5,2,6,3,2,2,71.431,Republican,2,6,3,3,5,1,2.5,4,2.6,-3,-4,0,0.5
Biden,MSNBC,4,4,2,1,2,2,93.02,Republican,2,3,5,7,4,3,3,2.5,2,-2,0,-0.2,0.7
Biden,Reuter,6,2,3,2,3,2,72.592,Independent,2,3,5,5,4,3,2,1.5,2.4,-3,-1,0,NA
Ducey,Reuter,6,1,5,2,3,3,76.182,Republican,1,5,3,4,5,2,3.5,4.5,3.6,-3,-2,-0.3,0.8
Biden,FOX,2,2,2,3,1,1,68.766,Republican,2,7,3,6,5,2,3,4,2,-1,-1,0.4,0.09999999999999998
Ducey,FOX,4,1,5,2,4,5,85.608,Independent,1,3,3,8,4,1,3.5,1,1.2,0,0,-0.2,NA
Ducey,MSNBC,7,1,7,1,7,7,61.608,Republican,1,3,5,10,5,3,5,4,1,0,0,-0.5,1
Biden,MSNBC,2,2,2,2,1,1,62.595,Independent,1,7,5,4,5,3,3,5,1,-1,-1,-0.3,NA
Ducey,FOX,3,3,3,3,2,3,107.654,Republican,2,5,2,7,5,2,3,4,1.4,-1,0,-0.15,0.65
Ducey,Reuter,1,1,2,2,1,2,95.443,Republican,2,4,4,2,5,3,2.5,3,2.4,0,0,0,0.5
Ducey,MSNBC,7,1,7,1,7,7,64.824,Independent,1,6,5,2,5,3,3,3,1,0,0,-0.5,NA
Ducey,MSNBC,3,3,3,3,2,2,69.744,Republican,1,4,5,6,5,3,3.5,2.5,4.8,-1,-1,-0.1,0.6
Biden,MSNBC,4,3,5,2,3,2,67.209,Independent,3,3,5,1,3,1,3,2,2.8,-1,-3,0,NA
Biden,MSNBC,3,2,2,2,4,4,62.576,Republican,2,5,5,6,4,3,2.5,4,2,1,2,-0.3,0.8
Ducey,FOX,2,1,2,1,1,1,118.513,Independent,2,6,6,9,5,2,3,3.5,4.8,-1,-1,0,NA
Biden,Reuter,3,3,2,2,2,1,89.218,Republican,2,3,5,12,5,2,3,4,1.8,-1,-1,0.15,0.35
Biden,FOX,1,1,1,1,4,4,76.359,Independent,2,6,2,6,5,3,4,4.5,1,3,3,0.1,NA
Biden,FOX,1,2,2,2,2,2,72.857,Republican,1,3,4,7,5,3,3.5,2.5,2.2,1,0,0.2,0.30000000000000004
Ducey,FOX,6,3,5,3,3,4,78.553,Republican,1,5,5,12,5,2,3,3,1.4,-3,-1,0.05,0.44999999999999996
Biden,Reuter,1,1,1,1,2,2,66.545,Independent,1,6,3,4,5,3,3,5,2,1,1,0,NA
Biden,Reuter,4,2,5,3,2,2,199.646,Republican,2,5,2,3,5,2,1.5,2,1.8,-2,-3,0,0.5
Ducey,MSNBC,7,1,7,1,6,4,205.184,Independent,2,4,2,3,3,4,3,2,4.6,-1,-3,-0.2,NA
Ducey,Reuter,4,3,4,3,5,5,61.949,Independent,1,4,5,10,5,3,3,2,2,1,1,-0.2,NA
Biden,MSNBC,3,2,4,2,2,1,325.19,Republican,2,5,5,12,4,2,3.5,2.5,3.4,-1,-3,0,0.5
Biden,FOX,2,1,1,1,1,1,65.831,Republican,1,5,5,2,5,2,4,4.5,1,-1,0,0.1,0.4
Ducey,FOX,6,2,5,2,2,2,104.899,Republican,2,6,5,4,5,2,3.5,2.5,5.4,-4,-3,0.1,0.4
Ducey,Reuter,7,1,7,1,7,7,61.424,Republican,2,4,5,11,5,2,5,5,2.4,0,0,-0.3,0.8
Biden,Reuter,6,1,6,1,6,6,61.936,Independent,1,4,5,12,5,3,2,2,3.2,0,0,0,NA
Ducey,MSNBC,7,1,6,1,6,5,84.85,Republican,2,5,4,11,4,2,5,5,3.2,-1,-1,0.1,0.4
Ducey,MSNBC,4,4,2,4,2,1,68.025,Republican,2,3,5,3,5,2,3.5,2.5,1.8,-2,-1,-0.3,0.8
Biden,MSNBC,3,3,6,2,2,3,61.281,Republican,1,4,6,12,5,4,3,2,2,-1,-3,0,0.5
Ducey,Reuter,6,1,6,1,4,3,83.378,Republican,2,6,2,6,3,3,4,3.5,2.6,-2,-3,0,0.5
Ducey,FOX,1,1,1,1,5,4,77.652,Independent,2,5,5,5,5,2,3,3,1,4,3,0.5,NA
Biden,FOX,4,3,3,4,1,2,71.836,Republican,2,3,3,4,5,2,3.5,3,2.2,-3,-1,0.1,0.4
Biden,FOX,4,3,4,3,2,3,62.187,Independent,1,5,7,11,4,4,2.5,4,5,-2,-1,0,NA
Ducey,MSNBC,2,2,2,2,1,1,61.691,Independent,1,4,3,5,5,3,2.5,1,3,-1,-1,0,NA
Biden,Reuter,1,1,2,1,1,2,93.899,Republican,2,6,5,4,5,3,4,4,1.2,0,0,-0.1,0.6
Ducey,FOX,6,2,6,3,5,5,69.347,Republican,1,7,6,6,5,3,4,4,2.2,-1,-1,-0.25,0.75
Ducey,Reuter,3,2,5,2,2,1,179.723,Independent,2,7,3,6,4,2,4.5,3,3.4,-1,-4,-0.1,NA
Biden,MSNBC,4,3,4,3,1,2,70.154,Independent,2,3,4,5,4,3,3,3,1,-3,-2,0,NA
Ducey,FOX,6,2,6,2,5,5,62.791,Independent,1,5,6,11,5,3,3,4.5,1.8,-1,-1,-0.2,NA
Ducey,Reuter,3,2,3,2,1,3,90.269,Independent,1,6,5,6,5,3,2.5,3.5,2.6,-2,0,-0.1,NA
Biden,FOX,2,2,3,2,2,2,83.714,Independent,2,4,3,8,5,3,3.5,2.5,2,0,-1,0.1,NA
Biden,Reuter,5,2,5,2,3,3,109.411,Independent,2,5,6,11,5,1,3,4,2.4,-2,-2,0.2,NA
Ducey,FOX,5,2,5,3,3,3,80.275,Republican,2,4,6,12,5,2,4,2,2.8,-2,-2,0,0.5
Biden,MSNBC,4,2,5,2,4,5,86.393,Republican,1,5,6,10,1,1,3,3.5,4.4,0,0,0.25,0.25
Ducey,MSNBC,5,2,5,2,2,2,69.492,Independent,1,3,4,9,5,1,3,2,1,-3,-3,-0.25,NA
Biden,FOX,3,3,4,3,5,6,64.601,Republican,1,6,2,1,5,3,3,1,5.6,2,2,0.1,0.4
Ducey,MSNBC,3,2,3,2,3,3,63.769,Republican,1,5,5,12,4,4,3,5,1,0,0,-0.3,0.8
Biden,MSNBC,7,2,6,1,1,1,137.748,Independent,2,6,5,7,5,3,1.5,1,2.6,-6,-5,-0.3,NA
Biden,Reuter,5,3,6,3,2,2,84.815,Independent,1,4,5,10,5,2,4,3,2.6,-3,-4,-0.1,NA
Biden,FOX,2,2,3,2,2,2,152.617,Independent,2,6,2,5,5,3,3.5,4,1.4,0,-1,0,NA
Ducey,Reuter,6,2,5,2,6,6,80.295,Republican,1,4,3,5,5,3,3.5,4,1,0,1,-0.5,1
Ducey,Reuter,2,2,3,1,1,2,69.89,Independent,1,3,5,5,4,4,2.5,3,4,-1,-1,-0.1,NA
Biden,Reuter,4,1,4,1,2,2,68.961,Republican,2,4,6,11,5,2,3.5,1,2.8,-2,-2,0,0.5
Biden,FOX,1,1,4,1,1,1,1097.58,Republican,2,4,6,6,4,3,3,3.5,4.6,0,-3,0.05,0.44999999999999996
Biden,FOX,2,2,2,2,2,2,83.421,Republican,2,7,5,10,4,3,4,4,1.2,0,0,0,0.5
Ducey,FOX,7,1,6,1,7,6,224.033,Republican,1,3,5,10,5,3,3,3,1,0,0,0.2,0.30000000000000004
Ducey,Reuter,7,1,5,2,7,5,83.606,Republican,2,5,3,4,4,2,2.5,3,1,0,0,0,0.5
Ducey,MSNBC,5,3,5,3,5,3,61.693,Independent,1,4,6,11,4,3,1,4,1.6,0,-2,-0.4,NA
Biden,MSNBC,3,2,5,1,2,1,297.723,Republican,2,7,2,4,5,2,3,5,1.2,-1,-4,-0.3,0.8
Ducey,MSNBC,7,1,7,1,7,6,87.687,Republican,2,7,6,5,5,3,4.5,5,1.6,0,-1,-0.4,0.9
Ducey,Reuter,5,2,6,2,3,5,82.064,Republican,1,3,5,11,3,4,4,3,2.8,-2,-1,-0.3,0.8
Biden,MSNBC,1,1,1,1,1,1,89.672,Republican,1,6,4,3,5,2,4,3,1.6,0,0,0,0.5
Biden,MSNBC,2,1,2,1,1,1,62.036,Independent,1,6,5,8,5,2,3,5,1,-1,-1,-0.15,NA
Ducey,FOX,5,2,3,2,2,3,72.977,Republican,2,4,5,10,5,3,4,4,2.2,-3,0,0.1,0.4
Biden,Reuter,3,2,3,2,2,2,61.154,Republican,2,6,6,11,4,3,4,2,3,-1,-1,0.35,0.15000000000000002
Biden,FOX,5,3,3,3,2,2,63.793,Republican,1,3,6,12,5,2,3.5,4,1.2,-3,-1,0.05,0.44999999999999996
Ducey,MSNBC,4,3,4,2,5,5,61.778,Democrat,2,6,2,7,3,1,2.5,2,4.2,1,1,-0.1,0.4
Ducey,MSNBC,2,2,2,2,2,2,221.867,Republican,2,4,4,4,3,2,3.5,3,2,0,0,-0.05,0.55
Ducey,FOX,4,1,4,1,4,4,62.891,Independent,1,5,3,6,4,3,5,2,1.4,0,0,-0.1,NA
Biden,Reuter,1,1,1,1,1,1,82.082,Republican,2,7,5,8,5,2,3,5,1,0,0,0,0.5
Ducey,MSNBC,7,1,6,1,6,6,83.3,Republican,2,6,4,3,4,3,4,4,1,-1,0,0,0.5
Biden,FOX,4,4,5,4,4,4,70.645,Independent,2,3,6,5,5,3,3.5,2.5,3.6,0,-1,0.25,NA
Biden,MSNBC,2,4,3,3,2,1,178.302,Republican,2,7,3,7,4,2,2.5,3.5,1,0,-2,-0.1,0.6
Biden,Reuter,6,2,6,2,2,2,61.793,Independent,1,5,4,11,5,1,3.5,4,2.8,-4,-4,0,NA
Biden,FOX,4,3,5,3,3,3,67.293,Republican,1,2,5,7,5,1,4.5,2,2.4,-1,-2,0.35,0.15000000000000002
Ducey,Reuter,4,2,1,2,1,1,62.591,Republican,2,4,5,3,4,2,5,3,3,-3,0,0,0.5
Ducey,FOX,6,3,6,3,2,2,112.351,Republican,1,6,5,3,5,2,4,3.5,1.2,-4,-4,-0.1,0.6
Ducey,FOX,4,3,4,3,1,1,102.783,Independent,1,4,5,7,5,3,2,2,5,-3,-3,0,NA
Ducey,MSNBC,6,2,6,2,6,6,103.226,Republican,1,3,6,11,5,2,3,4,1.4,0,0,-0.5,1
Biden,MSNBC,2,1,2,1,3,2,65.183,Independent,1,4,6,5,5,3,3,3,1.8,1,0,-0.25,NA
Ducey,Reuter,5,2,5,2,3,3,65.809,Republican,1,4,5,3,4,2,3,3,5.4,-2,-2,0.3,0.19999999999999996
Biden,FOX,1,1,1,1,1,1,61.709,Republican,1,3,5,11,5,2,3,3.5,1,0,0,0.2,0.30000000000000004
Biden,MSNBC,1,1,1,1,1,5,72.64,Republican,1,5,4,2,5,1,4,4.5,1,0,4,-0.25,0.75
